slice_file_name,fsID,start,end,salience,fold,classID,class
23131-3-2-0.wav,23131,29.690066,30.396972,2,2,3,dog_bark
36403-6-0-0.wav,36403,26.137402,26.89012,2,6,6,gun_shot
110918-3-0-40.wav,110918,20,24,1,7,3,dog_bark
22973-3-0-2.wav,22973,1.14222,5.14222,2,10,3,dog_bark
57553-3-2-0.wav,57553,13.063603,14.279479,2,1,3,dog_bark
137803-3-0-0.wav,137803,0,4,1,9,3,dog_bark
164625-1-0-0.wav,164625,0.344326,0.817351,1,9,1,car_horn
32318-3-0-0.wav,32318,0.385559,4.385559,1,3,3,dog_bark
24074-1-0-8.wav,24074,17.060993,21.060993,1,1,1,car_horn
156418-3-0-0.wav,156418,0,4,1,3,3,dog_bark
176258-3-1-18.wav,176258,78.897629,82.897629,1,1,3,dog_bark
144028-3-1-1.wav,144028,5.418658,9.418658,1,8,3,dog_bark
85662-3-0-0.wav,85662,0,1.227755,1,7,3,dog_bark
72259-1-9-14.wav,72259,231.438833,235.438833,2,5,1,car_horn
200460-6-1-0.wav,200460,3.181186,4.987279,1,10,6,gun_shot
136399-6-8-0.wav,136399,28.938274,30.488085,1,9,6,gun_shot
189846-3-0-0.wav,189846,13.241992,14.358787,2,8,3,dog_bark
171464-3-2-0.wav,171464,11.705992,13.111154,1,8,3,dog_bark
145206-6-2-0.wav,145206,2.849344,3.800877,1,8,6,gun_shot
157801-6-0-0.wav,157801,0,2.533878,1,9,6,gun_shot
175850-1-0-0.wav,175850,0.528684,2.269774,1,10,1,car_horn
174282-6-0-0.wav,174282,0,2.588937,1,9,6,gun_shot
197320-6-10-0.wav,197320,31.631818,34.262035,1,2,6,gun_shot
157207-6-3-0.wav,157207,9.504019,10.401293,1,10,6,gun_shot
187356-1-5-0.wav,187356,64.42819,67.045729,2,4,1,car_horn
160366-3-0-8.wav,160366,4,8,1,2,3,dog_bark
162433-6-8-0.wav,162433,4.347666,4.778906,1,8,6,gun_shot
155314-3-0-5.wav,155314,2.5,6.5,1,7,3,dog_bark
135527-6-9-0.wav,135527,23.471897,25.544739,2,7,6,gun_shot
7389-1-4-3.wav,7389,162.261242,166.261242,2,4,1,car_horn
180977-3-1-0.wav,180977,10.726049,14.726049,1,4,3,dog_bark
152588-3-3-0.wav,152588,19.65919,22.464192,1,9,3,dog_bark
175917-3-2-2.wav,175917,114.576188,118.576188,2,6,3,dog_bark
41372-3-0-39.wav,41372,36.892794,40.892794,2,3,3,dog_bark
110918-3-0-26.wav,110918,13,17,1,7,3,dog_bark
157649-3-0-1.wav,157649,0.812331,4.812331,2,8,3,dog_bark
150341-3-1-0.wav,150341,15.377819,15.823344,1,1,3,dog_bark
176783-3-0-11.wav,176783,5.5,9.5,1,3,3,dog_bark
100648-1-4-0.wav,100648,25.332994,27.197502,2,10,1,car_horn
35296-3-0-0.wav,35296,0.799414,1.751097,2,4,3,dog_bark
41918-3-0-0.wav,41918,0.525781,4.525781,1,4,3,dog_bark
161922-3-1-4.wav,161922,45.118484,49.118484,2,6,3,dog_bark
52171-3-6-0.wav,52171,13.041932,17.041932,2,9,3,dog_bark
58382-3-0-0.wav,58382,0.224342,4.224342,1,5,3,dog_bark
197243-3-0-0.wav,197243,0.407216,1.042196,1,5,3,dog_bark
59800-3-0-0.wav,59800,0,3.506271,1,9,3,dog_bark
30226-3-1-0.wav,30226,5.195936,9.195936,1,8,3,dog_bark
180052-3-0-4.wav,180052,2,6,1,5,3,dog_bark
4201-3-2-0.wav,4201,1.818737,2.171462,2,2,3,dog_bark
128470-3-0-5.wav,128470,4.211988,8.211988,1,10,3,dog_bark
116485-3-0-4.wav,116485,2,6,1,7,3,dog_bark
175846-1-0-0.wav,175846,0.143475,1.635387,1,4,1,car_horn
164312-3-3-0.wav,164312,22.380838,24.058202,1,1,3,dog_bark
31840-3-0-0.wav,31840,0.020035,3.546214,1,1,3,dog_bark
199769-1-0-11.wav,199769,6.348273,10.348273,1,3,1,car_horn
44110-3-1-0.wav,44110,5.517529,6.072054,1,8,3,dog_bark
118496-1-1-0.wav,118496,1.963587,2.155369,2,3,1,car_horn
160575-3-7-0.wav,160575,17.540661,18.863399,2,6,3,dog_bark
174290-6-3-0.wav,174290,14.959918,17.372318,1,1,6,gun_shot
180977-3-1-5.wav,180977,13.226049,17.226049,1,4,3,dog_bark
52102-1-0-0.wav,52102,32.140691,32.564609,2,5,1,car_horn
36902-3-2-0.wav,36902,2.286997,5.293835,1,6,3,dog_bark
197320-6-2-0.wav,197320,4.914352,7.290776,1,2,6,gun_shot
7064-6-0-0.wav,7064,0.948524,2.358256,1,4,6,gun_shot
55013-3-0-4.wav,55013,2,6,2,8,3,dog_bark
155283-1-0-0.wav,155283,95.455122,96.061195,2,8,1,car_horn
77927-3-0-1.wav,77927,29.736982,33.736982,2,10,3,dog_bark
71309-1-0-7.wav,71309,3.906025,7.906025,2,8,1,car_horn
86284-3-0-0.wav,86284,17.911702,21.911702,2,5,3,dog_bark
72259-1-9-3.wav,72259,225.938833,229.938833,2,5,1,car_horn
57105-3-4-2.wav,57105,263.540334,267.540334,2,9,3,dog_bark
159701-6-3-0.wav,159701,5.582329,7.336318,1,5,6,gun_shot
159701-6-1-0.wav,159701,1.978243,4.020558,1,5,6,gun_shot
69883-3-0-9.wav,69883,6.179208,10.179208,2,2,3,dog_bark
84317-3-0-0.wav,84317,0,2.5,1,4,3,dog_bark
9032-3-1-0.wav,9032,0.781671,1.403455,1,6,3,dog_bark
180156-1-7-0.wav,180156,23.747218,23.993486,2,9,1,car_horn
7389-1-3-1.wav,7389,96.609623,100.609623,2,4,1,car_horn
22973-3-0-0.wav,22973,0.14222,4.14222,2,10,3,dog_bark
26255-3-13-1.wav,26255,110.784129,114.784129,2,10,3,dog_bark
105088-3-0-8.wav,105088,4,8,1,9,3,dog_bark
36902-3-1-0.wav,36902,1.192238,1.99831,1,6,3,dog_bark
34771-3-0-14.wav,34771,7,11,1,5,3,dog_bark
147317-6-0-0.wav,147317,0.916114,2.20664,1,7,6,gun_shot
196127-3-0-3.wav,196127,1.5,5.5,1,10,3,dog_bark
173995-3-0-11.wav,173995,5.5,9.5,1,2,3,dog_bark
162432-6-8-0.wav,162432,21.338609,22.41437,1,5,6,gun_shot
135528-6-4-0.wav,135528,21.359911,25.359911,2,4,6,gun_shot
28808-1-0-2.wav,28808,1,5,1,10,1,car_horn
164312-3-1-0.wav,164312,6.182287,8.171162,1,1,3,dog_bark
199769-1-0-10.wav,199769,5.848273,9.848273,1,3,1,car_horn
174293-6-1-0.wav,174293,4.387686,6.713798,1,2,6,gun_shot
162432-6-3-0.wav,162432,9.93875,11.078736,1,5,6,gun_shot
65750-3-3-68.wav,65750,347.029703,351.029703,2,3,3,dog_bark
162432-6-5-0.wav,162432,16.345149,17.420911,1,5,6,gun_shot
7060-6-2-0.wav,7060,5.869655,7.4694,1,7,6,gun_shot
162434-6-0-0.wav,162434,0.354842,1.173267,1,6,6,gun_shot
157695-3-0-2.wav,157695,1,5,1,4,3,dog_bark
173993-3-0-39.wav,173993,19.5,23.5,1,5,3,dog_bark
135544-6-9-0.wav,135544,33.143316,34.584329,1,6,6,gun_shot
102842-3-0-1.wav,102842,0.5,4.5,2,1,3,dog_bark
105319-3-0-39.wav,105319,19.5,23.5,2,6,3,dog_bark
131199-3-0-0.wav,131199,0.696078,0.990196,1,5,3,dog_bark
72259-1-0-2.wav,72259,1,5,2,5,1,car_horn
162431-6-3-0.wav,162431,5.497504,6.333839,1,3,6,gun_shot
95536-3-0-1.wav,95536,0.5,4.5,2,6,3,dog_bark
171249-1-0-0.wav,171249,6.670459,7.433059,2,4,1,car_horn
162435-6-1-0.wav,162435,0.77919,1.495295,1,4,6,gun_shot
85574-3-0-12.wav,85574,6,10,2,10,3,dog_bark
51022-3-30-4.wav,51022,46.647024,50.647024,2,1,3,dog_bark
147672-3-0-0.wav,147672,0.644886,0.997283,1,2,3,dog_bark
148837-6-1-0.wav,148837,1.772279,2.959783,1,4,6,gun_shot
159703-6-0-0.wav,159703,0,1.872,1,5,6,gun_shot
65745-3-0-88.wav,65745,44,48,2,7,3,dog_bark
72259-1-10-13.wav,72259,274.749294,278.749294,2,5,1,car_horn
174284-6-1-0.wav,174284,2.549372,5.175802,1,7,6,gun_shot
151071-6-0-0.wav,151071,0.018986,1.760726,1,3,6,gun_shot
54187-1-0-4.wav,54187,2.189361,6.189361,1,9,1,car_horn
135528-6-1-0.wav,135528,10.98669,13.161721,2,4,6,gun_shot
117072-3-0-11.wav,117072,6.828188,10.828188,1,3,3,dog_bark
155311-3-0-0.wav,155311,0,3.691973,1,10,3,dog_bark
27217-3-0-13.wav,27217,6.5,10.5,1,7,3,dog_bark
175915-3-0-3.wav,175915,4.759606,8.759606,2,9,3,dog_bark
162432-6-7-0.wav,162432,19.363703,20.519745,1,5,6,gun_shot
77509-1-0-0.wav,77509,2.967344,3.557308,2,5,1,car_horn
59513-3-0-3.wav,59513,1.656569,5.656569,1,10,3,dog_bark
81799-3-0-1.wav,81799,30.435495,34.435495,2,7,3,dog_bark
166489-3-0-2.wav,166489,1,5,1,6,3,dog_bark
157207-6-1-0.wav,157207,3.376583,6.576073,1,10,6,gun_shot
197320-6-3-0.wav,197320,7.290776,9.805633,1,2,6,gun_shot
161922-3-2-0.wav,161922,66.58268,69.969265,2,6,3,dog_bark
173995-3-0-0.wav,173995,0,4,1,2,3,dog_bark
156897-6-0-0.wav,156897,1.24645,4.686652,1,4,6,gun_shot
187378-3-0-7.wav,187378,3.5,7.5,1,9,3,dog_bark
74950-3-2-4.wav,74950,13.592781,17.592781,1,4,3,dog_bark
68389-3-1-0.wav,68389,5.356664,5.964054,1,4,3,dog_bark
191687-3-0-15.wav,191687,7.5,11.5,1,7,3,dog_bark
86284-3-1-0.wav,86284,25.548308,27.350204,2,5,3,dog_bark
18594-1-0-0.wav,18594,11.503499,11.939286,1,3,1,car_horn
72259-1-10-8.wav,72259,272.249294,276.249294,2,5,1,car_horn
74725-3-0-0.wav,74725,0.365119,4.365119,1,4,3,dog_bark
116400-3-1-2.wav,116400,13.269801,17.269801,1,3,3,dog_bark
110688-3-0-32.wav,110688,16,20,2,8,3,dog_bark
71439-1-1-0.wav,71439,3.699306,3.906744,1,5,1,car_horn
207369-3-0-0.wav,207369,34.995645,35.947188,1,8,3,dog_bark
110371-3-1-0.wav,110371,15.269745,19.269745,1,5,3,dog_bark
72261-3-0-6.wav,72261,4.473879,8.473879,1,1,3,dog_bark
175844-1-0-0.wav,175844,0.400001,1.293813,1,2,1,car_horn
72259-1-7-12.wav,72259,149.281751,153.281751,2,5,1,car_horn
49974-1-0-0.wav,49974,0,2.588,1,8,1,car_horn
116484-3-0-16.wav,116484,8,12,1,4,3,dog_bark
12647-3-1-0.wav,12647,1.902224,3.102089,1,3,3,dog_bark
139948-3-2-0.wav,139948,13.081499,14.39375,2,5,3,dog_bark
143115-1-1-0.wav,143115,31.490771,32.698085,2,6,1,car_horn
159701-6-4-0.wav,159701,7.336318,9.650942,1,5,6,gun_shot
174285-6-2-0.wav,174285,5.192354,8.913638,1,8,6,gun_shot
101415-3-0-8.wav,101415,4,8,1,1,3,dog_bark
115537-3-0-0.wav,115537,1.665407,2.340997,1,2,3,dog_bark
102102-3-0-0.wav,102102,1.573952,4.673824,2,4,3,dog_bark
4918-3-0-0.wav,4918,0,0.3744,1,8,3,dog_bark
69777-3-0-0.wav,69777,0,4,2,9,3,dog_bark
159705-6-0-0.wav,159705,0.071101,1.387787,1,7,6,gun_shot
11722-3-1-0.wav,11722,2.02081,2.459512,1,10,3,dog_bark
43786-3-0-0.wav,43786,0.536063,1.142558,1,1,3,dog_bark
117271-3-0-3.wav,117271,1.5,5.5,1,6,3,dog_bark
118587-3-0-6.wav,118587,3,7,1,7,3,dog_bark
196561-3-0-9.wav,196561,4.5,8.5,1,8,3,dog_bark
17486-3-1-0.wav,17486,1.799011,3.092953,1,10,3,dog_bark
79584-3-0-5.wav,79584,2.880235,6.880235,1,9,3,dog_bark
20015-3-0-4.wav,20015,25.26305,29.26305,2,5,3,dog_bark
197320-6-1-0.wav,197320,2.88401,4.914352,1,2,6,gun_shot
128240-3-0-1.wav,128240,0.5,4.5,1,10,3,dog_bark
17307-1-0-0.wav,17307,11.275117,11.336696,2,2,1,car_horn
203356-3-0-1.wav,203356,37.965647,41.965647,2,1,3,dog_bark
179386-3-0-1.wav,179386,0.5,4.5,1,3,3,dog_bark
28808-1-0-7.wav,28808,3.5,7.5,1,10,1,car_horn
164626-1-0-0.wav,164626,0.811901,1.586686,1,8,1,car_horn
26185-1-0-0.wav,26185,0.007625,0.340057,1,9,1,car_horn
52171-3-3-0.wav,52171,10.5892,10.990127,2,9,3,dog_bark
38236-3-3-0.wav,38236,26.29251,29.954752,1,7,3,dog_bark
142641-3-0-0.wav,142641,1.779107,2.162404,1,10,3,dog_bark
118587-3-0-21.wav,118587,10.5,14.5,1,7,3,dog_bark
72259-1-7-3.wav,72259,144.781751,148.781751,2,5,1,car_horn
7389-1-2-1.wav,7389,79.253483,83.253483,2,4,1,car_horn
19026-1-0-0.wav,19026,0.012822,1.050575,1,1,1,car_horn
72259-1-6-1.wav,72259,133.367789,137.367789,2,5,1,car_horn
181725-3-0-16.wav,181725,8,12,1,5,3,dog_bark
125520-1-3-0.wav,125520,5.841718,6.709209,1,8,1,car_horn
174287-6-2-0.wav,174287,9.869694,11.843632,1,9,6,gun_shot
157695-3-0-27.wav,157695,13.5,17.5,1,4,3,dog_bark
54086-1-0-0.wav,54086,0,1.16194,1,10,1,car_horn
159702-6-4-0.wav,159702,2.405267,3.003087,1,6,6,gun_shot
72261-3-0-27.wav,72261,14.973879,18.973879,1,1,3,dog_bark
72259-1-7-0.wav,72259,143.281751,147.281751,2,5,1,car_horn
125791-3-0-15.wav,125791,7.5,11.5,1,1,3,dog_bark
35296-3-1-0.wav,35296,3.591018,5.595897,2,4,3,dog_bark
7389-1-4-9.wav,7389,165.261242,169.261242,2,4,1,car_horn
52633-3-0-9.wav,52633,4.5,8.5,1,8,3,dog_bark
89213-3-0-0.wav,89213,0,1.612336,1,5,3,dog_bark
31325-3-1-0.wav,31325,4.804858,8.804858,1,8,3,dog_bark
160575-3-0-0.wav,160575,1.351494,2.38668,2,6,3,dog_bark
18581-3-0-5.wav,18581,43.193758,47.193758,2,2,3,dog_bark
135528-6-0-0.wav,135528,8.25396,10.70784,2,4,6,gun_shot
174994-3-0-4.wav,174994,29.743475,33.743475,1,2,3,dog_bark
71309-1-1-0.wav,71309,38.797915,39.249054,2,8,1,car_horn
183894-1-5-0.wav,183894,98.082239,98.955375,2,7,1,car_horn
63932-3-1-1.wav,63932,37.229332,41.229332,1,4,3,dog_bark
43802-1-0-0.wav,43802,1.111691,1.293604,1,6,1,car_horn
193394-3-0-11.wav,193394,5.5,9.5,1,1,3,dog_bark
7389-1-4-4.wav,7389,162.761242,166.761242,2,4,1,car_horn
155299-3-0-1.wav,155299,0.5,4.5,2,7,3,dog_bark
7061-6-0-0.wav,7061,0.978088,3.231723,1,1,6,gun_shot
72259-1-5-0.wav,72259,116.528642,120.528642,2,5,1,car_horn
159701-6-5-0.wav,159701,9.650942,12.093712,1,5,6,gun_shot
64346-6-0-0.wav,64346,0.076806,1.581198,1,6,6,gun_shot
145608-6-2-0.wav,145608,5.875533,6.833593,2,2,6,gun_shot
28808-1-0-9.wav,28808,4.5,8.5,1,10,1,car_horn
89207-3-0-0.wav,89207,0.028387,0.389303,1,8,3,dog_bark
174290-6-1-0.wav,174290,5.355833,7.889612,1,1,6,gun_shot
159704-6-0-0.wav,159704,0.125348,2.096345,1,6,6,gun_shot
87275-1-4-0.wav,87275,2.409674,2.47873,2,1,1,car_horn
65745-3-0-49.wav,65745,24.5,28.5,2,7,3,dog_bark
20015-3-0-14.wav,20015,30.26305,34.26305,2,5,3,dog_bark
175843-1-0-0.wav,175843,0.076205,0.972825,1,9,1,car_horn
18594-1-3-0.wav,18594,44.50593,44.750801,1,3,1,car_horn
59513-3-0-1.wav,59513,0.656569,4.656569,1,10,3,dog_bark
7389-1-2-0.wav,7389,78.753483,82.753483,2,4,1,car_horn
72259-1-7-11.wav,72259,148.781751,152.781751,2,5,1,car_horn
74495-3-0-1.wav,74495,0.835018,4.835018,1,2,3,dog_bark
157207-6-5-0.wav,157207,11.345791,13.423689,1,10,6,gun_shot
122199-3-1-3.wav,122199,16.147059,20.147059,2,8,3,dog_bark
135544-6-4-0.wav,135544,25.716553,26.935872,1,6,6,gun_shot
65750-3-3-48.wav,65750,337.029703,341.029703,2,3,3,dog_bark
30226-3-1-3.wav,30226,6.695936,10.695936,1,8,3,dog_bark
99812-1-1-0.wav,99812,89.207778,93.207778,2,7,1,car_horn
180052-3-0-3.wav,180052,1.5,5.5,1,5,3,dog_bark
191687-3-0-11.wav,191687,5.5,9.5,1,7,3,dog_bark
7389-1-0-1.wav,7389,0.5,4.5,2,4,1,car_horn
74513-3-0-3.wav,74513,1.933328,5.933328,1,7,3,dog_bark
18594-1-1-0.wav,18594,12.833291,13.464541,1,3,1,car_horn
174287-6-3-0.wav,174287,14.881647,16.716793,1,9,6,gun_shot
148828-6-0-0.wav,148828,0.800693,1.948198,1,7,6,gun_shot
22347-3-1-1.wav,22347,4.062067,8.062067,1,2,3,dog_bark
7965-3-3-0.wav,7965,44.110933,45.299666,2,10,3,dog_bark
145683-6-4-0.wav,145683,21.339853,22.32316,2,9,6,gun_shot
197320-6-12-0.wav,197320,37.884351,40.653,1,2,6,gun_shot
72259-1-10-6.wav,72259,271.249294,275.249294,2,5,1,car_horn
72539-3-0-5.wav,72539,9.30482,13.30482,1,2,3,dog_bark
125520-1-2-0.wav,125520,4.572783,5.440273,1,8,1,car_horn
17615-3-0-3.wav,17615,36.615512,40.615512,2,3,3,dog_bark
162432-6-2-0.wav,162432,5.250357,6.326119,1,5,6,gun_shot
197320-6-9-0.wav,197320,28.078718,30.501286,1,2,6,gun_shot
4201-3-1-0.wav,4201,0.804653,1.085731,2,2,3,dog_bark
109711-3-2-6.wav,109711,15.001624,19.001624,1,4,3,dog_bark
187378-3-0-12.wav,187378,6,10,1,9,3,dog_bark
196127-3-0-0.wav,196127,0,4,1,10,3,dog_bark
128891-3-0-4.wav,128891,2,6,1,6,3,dog_bark
101415-3-0-2.wav,101415,1,5,1,1,3,dog_bark
135527-6-5-0.wav,135527,12.680921,14.936661,2,7,6,gun_shot
4201-3-0-0.wav,4201,0.104715,0.352725,2,2,3,dog_bark
175915-3-0-1.wav,175915,3.759606,7.759606,2,9,3,dog_bark
7389-1-4-8.wav,7389,164.761242,168.761242,2,4,1,car_horn
7389-1-4-5.wav,7389,163.261242,167.261242,2,4,1,car_horn
145609-6-0-0.wav,145609,1.969512,3.235187,2,5,6,gun_shot
199769-1-0-9.wav,199769,5.348273,9.348273,1,3,1,car_horn
28808-1-1-1.wav,28808,27.78857,31.78857,2,10,1,car_horn
145683-6-3-0.wav,145683,17.46939,18.452696,2,9,6,gun_shot
182474-1-0-0.wav,182474,1.26501,2.605597,1,6,1,car_horn
158979-6-0-0.wav,158979,0.155453,2.512917,1,6,6,gun_shot
65749-3-1-9.wav,65749,79.945545,83.945545,2,1,3,dog_bark
159707-6-0-0.wav,159707,0,2.132946,1,9,6,gun_shot
207962-3-2-0.wav,207962,4.071906,5.499482,1,7,3,dog_bark
161010-1-2-0.wav,161010,148.909412,149.647969,2,4,1,car_horn
145206-6-0-0.wav,145206,0.099885,1.340558,1,8,6,gun_shot
162541-1-0-0.wav,162541,1.271857,1.758951,1,2,1,car_horn
145612-6-2-0.wav,145612,5.493422,6.406703,2,8,6,gun_shot
187356-1-1-0.wav,187356,23.052709,24.338518,2,4,1,car_horn
184575-3-0-3.wav,184575,1.5,5.5,1,9,3,dog_bark
85362-3-0-0.wav,85362,0.380052,2.660361,1,7,3,dog_bark
135526-6-6-0.wav,135526,14.657139,16.858129,1,3,6,gun_shot
161923-3-0-5.wav,161923,2.5,6.5,1,6,3,dog_bark
145611-6-1-0.wav,145611,9.814025,10.989469,2,5,6,gun_shot
43803-1-0-0.wav,43803,2.225494,2.404799,2,5,1,car_horn
199769-1-0-7.wav,199769,4.348273,8.348273,1,3,1,car_horn
7975-3-0-0.wav,7975,173.049526,177.049526,2,9,3,dog_bark
145608-6-0-0.wav,145608,2.331561,3.340491,2,2,6,gun_shot
176258-3-1-2.wav,176258,70.897629,74.897629,1,1,3,dog_bark
159708-6-6-0.wav,159708,1.822596,2.453333,1,7,6,gun_shot
18594-1-5-0.wav,18594,45.714561,46.033567,1,3,1,car_horn
160366-3-0-7.wav,160366,3.5,7.5,1,2,3,dog_bark
85574-3-0-0.wav,85574,0,4,2,10,3,dog_bark
72829-3-0-2.wav,72829,1,5,1,4,3,dog_bark
108187-3-6-0.wav,108187,31.5648,33.266824,2,2,3,dog_bark
208030-3-4-0.wav,208030,7.771013,10.897455,1,6,3,dog_bark
166268-3-0-0.wav,166268,0,0.239205,1,1,3,dog_bark
112195-3-0-48.wav,112195,24,28,1,2,3,dog_bark
155314-3-0-1.wav,155314,0.5,4.5,1,7,3,dog_bark
18453-3-0-0.wav,18453,9.13085,9.937155,2,2,3,dog_bark
95404-3-0-4.wav,95404,37.401208,41.401208,2,4,3,dog_bark
52171-3-2-0.wav,52171,9.321562,9.810929,2,9,3,dog_bark
26177-1-1-0.wav,26177,0.866278,2.039362,1,5,1,car_horn
157207-6-4-0.wav,157207,10.401293,11.345791,1,10,6,gun_shot
72724-3-1-0.wav,72724,19.702017,23.702017,1,4,3,dog_bark
174285-6-0-0.wav,174285,0,2.558383,1,8,6,gun_shot
118072-3-0-0.wav,118072,0,1.066667,1,6,3,dog_bark
22347-3-1-2.wav,22347,4.562067,8.562067,1,2,3,dog_bark
42371-3-0-0.wav,42371,10.54093,11.538045,2,9,3,dog_bark
125520-1-0-0.wav,125520,0.175344,1.03822,1,8,1,car_horn
102104-3-0-0.wav,102104,2.429279,3.241121,2,2,3,dog_bark
46391-1-1-0.wav,46391,98.480072,99.570989,2,5,1,car_horn
135527-6-14-3.wav,135527,49.906976,53.906976,2,7,6,gun_shot
43787-3-1-0.wav,43787,6.27162,7.364737,1,5,3,dog_bark
114587-3-0-7.wav,114587,4.967612,8.967612,1,1,3,dog_bark
176783-3-1-0.wav,176783,53.119866,57.119866,1,3,3,dog_bark
7389-1-4-10.wav,7389,165.761242,169.761242,2,4,1,car_horn
71700-3-3-2.wav,71700,105.504191,109.504191,2,8,3,dog_bark
152588-3-1-0.wav,152588,5.464916,9.464916,1,9,3,dog_bark
79584-3-0-8.wav,79584,4.380235,8.380235,1,9,3,dog_bark
189846-3-1-0.wav,189846,17.230544,18.586652,2,8,3,dog_bark
66587-3-3-0.wav,66587,7.811285,8.299042,1,5,3,dog_bark
117048-3-0-25.wav,117048,12.5,16.5,1,3,3,dog_bark
71309-1-0-2.wav,71309,1.406025,5.406025,2,8,1,car_horn
125523-3-0-1.wav,125523,0.5,4.5,1,3,3,dog_bark
209672-3-3-0.wav,209672,8.458342,9.036241,1,10,3,dog_bark
162434-6-1-0.wav,162434,1.549094,2.283579,1,6,6,gun_shot
203128-3-9-0.wav,203128,19.607633,21.40998,1,2,3,dog_bark
203128-3-6-0.wav,203128,13.517599,15.291487,1,2,3,dog_bark
157207-6-10-0.wav,157207,18.830944,20.802585,1,10,6,gun_shot
114587-3-0-4.wav,114587,3.467612,7.467612,1,1,3,dog_bark
71700-3-4-0.wav,71700,129.865574,133.865574,2,8,3,dog_bark
95404-3-0-5.wav,95404,37.901208,41.901208,2,4,3,dog_bark
175917-3-0-3.wav,175917,1.5,5.5,2,6,3,dog_bark
159726-3-1-0.wav,159726,2.606858,4.466207,2,9,3,dog_bark
148837-6-0-0.wav,148837,0.564257,1.772279,1,4,6,gun_shot
66115-1-0-1.wav,66115,17.211448,21.211448,2,10,1,car_horn
199261-3-0-0.wav,199261,0.211116,4.211116,1,10,3,dog_bark
192236-3-0-6.wav,192236,6.506272,10.506272,1,7,3,dog_bark
100648-1-2-0.wav,100648,16.699509,17.104837,2,10,1,car_horn
89211-3-0-0.wav,89211,0,1.892105,1,2,3,dog_bark
171249-1-2-0.wav,171249,13.294977,13.59818,2,4,1,car_horn
7066-6-0-0.wav,7066,0.972779,1.791962,1,5,6,gun_shot
180257-3-0-4.wav,180257,2,6,1,7,3,dog_bark
191687-3-0-5.wav,191687,2.5,6.5,1,7,3,dog_bark
61077-3-3-0.wav,61077,44.52938,48.52938,1,8,3,dog_bark
19503-3-0-0.wav,19503,0.126733,4.087129,2,5,3,dog_bark
72538-3-0-4.wav,72538,4.101978,8.101978,1,10,3,dog_bark
151065-6-0-0.wav,151065,0.162737,1.759161,1,7,6,gun_shot
72259-1-10-7.wav,72259,271.749294,275.749294,2,5,1,car_horn
183992-3-0-6.wav,183992,3,7,1,7,3,dog_bark
150341-3-0-0.wav,150341,12.834011,13.322652,1,1,3,dog_bark
50885-3-0-2.wav,50885,1,5,1,5,3,dog_bark
179867-1-0-0.wav,179867,0.025482,0.566271,1,1,1,car_horn
185436-1-5-0.wav,185436,225.508316,226.923937,2,5,1,car_horn
33641-3-1-0.wav,33641,5.316114,7.301651,1,9,3,dog_bark
25037-6-0-0.wav,25037,0.031984,1.365476,2,10,6,gun_shot
132073-1-5-0.wav,132073,10.871261,12.230169,2,2,1,car_horn
67049-3-0-2.wav,67049,1.074989,5.074989,1,7,3,dog_bark
162540-1-0-0.wav,162540,1.25562,1.618235,1,1,1,car_horn
161195-6-0-0.wav,161195,0,0.799932,1,3,6,gun_shot
72259-1-7-10.wav,72259,148.281751,152.281751,2,5,1,car_horn
14468-3-0-2.wav,14468,1.837557,5.837557,1,10,3,dog_bark
7965-3-11-0.wav,7965,95.717477,97.067061,1,10,3,dog_bark
203128-3-3-0.wav,203128,10.083655,10.529498,1,2,3,dog_bark
110389-3-0-0.wav,110389,0,0.552041,1,9,3,dog_bark
44278-1-1-0.wav,44278,9.944179,10.282033,2,4,1,car_horn
105319-3-0-22.wav,105319,11,15,2,6,3,dog_bark
138015-3-0-7.wav,138015,3.5,7.5,1,1,3,dog_bark
99812-1-4-0.wav,99812,242.691902,246.197885,2,7,1,car_horn
162432-6-12-0.wav,162432,25.86644,26.877976,1,5,6,gun_shot
175917-3-4-1.wav,175917,199.258329,203.258329,2,6,3,dog_bark
73168-1-1-0.wav,73168,2.413075,3.452636,1,9,1,car_horn
174873-3-5-13.wav,174873,247.801632,251.801632,1,8,3,dog_bark
14358-3-0-90.wav,14358,45,49,2,6,3,dog_bark
184355-1-0-0.wav,184355,4.08756,4.750408,2,1,1,car_horn
197318-6-4-0.wav,197318,10.843033,12.800803,1,1,6,gun_shot
179096-3-0-1.wav,179096,0.5,4.5,1,2,3,dog_bark
180256-3-0-3.wav,180256,1.5,5.5,1,1,3,dog_bark
51022-3-13-0.wav,51022,19.916516,21.377728,2,1,3,dog_bark
72567-1-2-0.wav,72567,32.753993,36.753993,2,2,1,car_horn
51027-3-0-9.wav,51027,4.5,8.5,2,6,3,dog_bark
166421-3-0-29.wav,166421,14.5,18.5,1,2,3,dog_bark
118496-1-0-0.wav,118496,1.394779,1.649762,2,3,1,car_horn
175856-1-0-0.wav,175856,0.287145,0.555461,1,8,1,car_horn
7389-1-3-4.wav,7389,98.109623,102.109623,2,4,1,car_horn
197075-3-6-0.wav,197075,63.920301,67.920301,2,6,3,dog_bark
51024-3-0-2.wav,51024,1.399669,5.399669,2,10,3,dog_bark
76566-3-0-11.wav,76566,11.84312,15.84312,2,5,3,dog_bark
33641-3-8-0.wav,33641,20.944208,23.228643,1,9,3,dog_bark
162432-6-11-0.wav,162432,24.903071,25.86644,1,5,6,gun_shot
85663-3-0-0.wav,85663,0,2.089796,1,5,3,dog_bark
178497-3-0-6.wav,178497,3,7,1,5,3,dog_bark
9674-1-0-0.wav,9674,1.062597,5.062597,1,3,1,car_horn
81799-3-0-0.wav,81799,29.935495,33.935495,2,7,3,dog_bark
71439-1-2-0.wav,71439,55.904472,56.837942,2,5,1,car_horn
72259-1-9-17.wav,72259,232.938833,236.938833,2,5,1,car_horn
7389-1-4-15.wav,7389,168.261242,172.261242,2,4,1,car_horn
47926-3-3-0.wav,47926,6.593779,7.433681,1,4,3,dog_bark
42101-1-1-0.wav,42101,69.97537,71.293747,2,9,1,car_horn
176631-1-0-0.wav,176631,28.32413,30.302215,2,3,1,car_horn
174284-6-2-0.wav,174284,5.175802,8.181107,1,7,6,gun_shot
174290-6-0-0.wav,174290,0.273102,2.366884,1,1,6,gun_shot
59800-3-3-1.wav,59800,29.686686,33.686686,1,9,3,dog_bark
145683-6-1-0.wav,145683,7.071442,8.452256,2,9,6,gun_shot
72259-1-7-22.wav,72259,154.281751,158.281751,2,5,1,car_horn
176783-3-0-5.wav,176783,2.5,6.5,1,3,3,dog_bark
72259-1-10-9.wav,72259,272.749294,276.749294,2,5,1,car_horn
116400-3-0-2.wav,116400,1,5,1,3,3,dog_bark
148827-6-1-0.wav,148827,1.836281,2.622326,1,7,6,gun_shot
116484-3-0-6.wav,116484,3,7,1,4,3,dog_bark
43787-3-2-0.wav,43787,8.866392,10.710337,1,5,3,dog_bark
72220-3-2-3.wav,72220,30.233661,34.233661,2,10,3,dog_bark
51022-3-7-0.wav,51022,14.201777,15.292682,2,1,3,dog_bark
190680-3-6-0.wav,190680,36.24834,40.24834,2,6,3,dog_bark
71309-1-0-0.wav,71309,0.406025,4.406025,2,8,1,car_horn
197320-6-8-0.wav,197320,22.77214,25.171636,1,2,6,gun_shot
155313-3-0-0.wav,155313,2.249546,3.021266,1,8,3,dog_bark
135528-6-2-0.wav,135528,13.440571,17.440571,2,4,6,gun_shot
197075-3-1-1.wav,197075,16.753779,20.753779,2,6,3,dog_bark
145206-6-1-0.wav,145206,1.340558,2.812544,1,8,6,gun_shot
175852-1-0-0.wav,175852,0.099252,1.234139,1,8,1,car_horn
148827-6-4-0.wav,148827,5.17942,5.746939,1,7,6,gun_shot
30832-3-1-0.wav,30832,11.085712,12.093504,2,4,3,dog_bark
67049-3-0-0.wav,67049,0.074989,4.074989,1,7,3,dog_bark
109233-3-0-6.wav,109233,18.452386,22.452386,1,6,3,dog_bark
175854-1-0-0.wav,175854,0.060186,0.751776,1,3,1,car_horn
135527-6-11-0.wav,135527,36.274749,38.164694,2,7,6,gun_shot
155309-3-0-0.wav,155309,0,1.219048,1,3,3,dog_bark
33696-3-4-0.wav,33696,69.289945,73.289945,2,3,3,dog_bark
9031-3-2-0.wav,9031,6.7577,9.055317,1,1,3,dog_bark
95549-3-0-14.wav,95549,18.181689,22.181689,2,8,3,dog_bark
20285-3-2-0.wav,20285,18.510488,19.062828,1,5,3,dog_bark
107090-1-1-0.wav,107090,29.715744,30.54502,2,8,1,car_horn
197318-6-0-0.wav,197318,0.401594,1.93267,1,1,6,gun_shot
28284-3-1-0.wav,28284,18.749465,19.909404,1,6,3,dog_bark
162436-6-0-0.wav,162436,0,1.796802,1,3,6,gun_shot
171249-1-1-0.wav,171249,11.144995,11.723836,2,4,1,car_horn
160094-3-0-0.wav,160094,0.120695,0.313453,1,1,3,dog_bark
50612-3-0-0.wav,50612,0,0.769615,1,7,3,dog_bark
54187-1-0-2.wav,54187,1.189361,5.189361,1,9,1,car_horn
72265-3-4-0.wav,72265,31.024479,33.127833,2,9,3,dog_bark
72259-1-7-1.wav,72259,143.781751,147.781751,2,5,1,car_horn
46654-6-0-0.wav,46654,0.084334,1.222838,1,1,6,gun_shot
95536-3-0-4.wav,95536,2,6,2,6,3,dog_bark
197320-6-0-0.wav,197320,0.830595,2.88401,1,2,6,gun_shot
94868-1-0-0.wav,94868,0.179042,0.530411,1,1,1,car_horn
135526-6-11-0.wav,135526,25.371846,27.766329,1,3,6,gun_shot
85544-3-7-0.wav,85544,29.3351,31.241455,1,4,3,dog_bark
77246-6-0-0.wav,77246,2.329836,3.657301,1,1,6,gun_shot
196561-3-0-29.wav,196561,14.5,18.5,1,8,3,dog_bark
87275-1-3-0.wav,87275,2.202508,2.264294,2,1,1,car_horn
77674-3-0-0.wav,77674,0.130222,4.130222,1,7,3,dog_bark
118962-3-0-0.wav,118962,0,2.129854,1,2,3,dog_bark
25039-6-1-0.wav,25039,1.970138,3.712121,1,8,6,gun_shot
34241-1-0-0.wav,34241,0.693691,1.988582,2,7,1,car_horn
175848-1-0-0.wav,175848,0.094818,0.632591,1,6,1,car_horn
194754-3-0-0.wav,194754,0.312357,4.312357,1,7,3,dog_bark
185436-1-3-0.wav,185436,161.946964,164.636643,2,5,1,car_horn
35628-3-0-0.wav,35628,0.689299,4.689299,1,10,3,dog_bark
95549-3-0-6.wav,95549,14.181689,18.181689,2,8,3,dog_bark
196400-6-0-0.wav,196400,0,3.139605,1,1,6,gun_shot
57105-3-0-1.wav,57105,178.952055,182.952055,2,9,3,dog_bark
175855-1-0-0.wav,175855,0.165309,0.712897,1,4,1,car_horn
116400-3-1-0.wav,116400,12.269801,16.269801,1,3,3,dog_bark
159708-6-4-0.wav,159708,1.214135,1.516277,1,7,6,gun_shot
82024-3-0-4.wav,82024,24.651009,28.651009,2,7,3,dog_bark
71309-1-0-4.wav,71309,2.406025,6.406025,2,8,1,car_horn
159708-6-1-0.wav,159708,0.339735,0.625168,1,7,6,gun_shot
54187-1-0-1.wav,54187,0.689361,4.689361,1,9,1,car_horn
196561-3-0-44.wav,196561,22,26,1,8,3,dog_bark
70098-3-1-0.wav,70098,4.072417,6.626475,1,9,3,dog_bark
29937-3-0-14.wav,29937,7,11,2,5,3,dog_bark
28808-1-0-10.wav,28808,5,9,1,10,1,car_horn
85362-3-3-0.wav,85362,12.148076,16.148076,1,7,3,dog_bark
190680-3-1-0.wav,190680,5.960838,7.49752,2,6,3,dog_bark
180257-3-0-5.wav,180257,2.5,6.5,1,7,3,dog_bark
52740-3-0-3.wav,52740,69.59769,73.59769,2,9,3,dog_bark
199769-1-0-13.wav,199769,7.348273,11.348273,1,3,1,car_horn
207124-3-2-0.wav,207124,6.84603,10.84603,1,3,3,dog_bark
7913-3-3-0.wav,7913,7.00735,7.704826,1,10,3,dog_bark
4918-3-4-0.wav,4918,7.4672,8.389333,1,8,3,dog_bark
7389-1-1-0.wav,7389,68.122848,72.027979,2,4,1,car_horn
180156-1-12-0.wav,180156,37.221566,37.432653,2,9,1,car_horn
143115-1-2-0.wav,143115,39.187397,40.394711,2,6,1,car_horn
94401-1-0-0.wav,94401,106.737529,107.836173,1,2,1,car_horn
18581-3-1-3.wav,18581,65.21059,69.21059,2,2,3,dog_bark
33849-3-3-0.wav,33849,5.017459,6.712811,1,2,3,dog_bark
116485-3-0-6.wav,116485,3,7,1,7,3,dog_bark
28808-1-0-4.wav,28808,2,6,1,10,1,car_horn
7389-1-4-6.wav,7389,163.761242,167.761242,2,4,1,car_horn
136399-6-6-0.wav,136399,24.06018,25.991092,1,9,6,gun_shot
197075-3-4-1.wav,197075,46.566409,50.566409,2,6,3,dog_bark
22347-3-3-0.wav,22347,18.188915,22.188915,1,2,3,dog_bark
52077-3-0-3.wav,52077,2.10243,6.10243,1,3,3,dog_bark
200161-3-6-3.wav,200161,39.117328,43.117328,1,3,3,dog_bark
145611-6-4-0.wav,145611,21.307256,22.370753,2,5,6,gun_shot
112195-3-0-80.wav,112195,40,44,1,2,3,dog_bark
99812-1-5-0.wav,99812,253.20985,255.741948,2,7,1,car_horn
117048-3-0-23.wav,117048,11.5,15.5,1,3,3,dog_bark
174289-6-0-0.wav,174289,0.675822,2.896379,1,10,6,gun_shot
184725-3-0-2.wav,184725,1,5,1,3,3,dog_bark
181725-3-0-37.wav,181725,18.5,22.5,1,5,3,dog_bark
152588-3-0-0.wav,152588,0.386897,2.805001,1,9,3,dog_bark
162432-6-14-0.wav,162432,27.712896,28.290917,1,5,6,gun_shot
183989-3-1-18.wav,183989,80.176471,84.176471,2,4,3,dog_bark
162433-6-5-0.wav,162433,2.82883,3.338725,1,8,6,gun_shot
72259-1-7-16.wav,72259,151.281751,155.281751,2,5,1,car_horn
72259-1-0-5.wav,72259,2.5,6.5,2,5,1,car_horn
133797-6-2-0.wav,133797,9.116689,10.885791,1,6,6,gun_shot
200460-6-2-0.wav,200460,4.987279,5.849278,1,10,6,gun_shot
35629-3-3-0.wav,35629,32.347248,33.537806,1,4,3,dog_bark
34708-6-1-0.wav,34708,7.901233,9.25524,1,3,6,gun_shot
197243-3-1-0.wav,197243,2.149961,2.733176,1,5,3,dog_bark
161923-3-0-19.wav,161923,9.5,13.5,1,6,3,dog_bark
136399-6-4-0.wav,136399,19.537781,21.4941,1,9,6,gun_shot
23161-6-0-0.wav,23161,58.366645,58.635605,2,4,6,gun_shot
66587-3-1-0.wav,66587,3.077173,3.428645,1,5,3,dog_bark
72539-3-0-1.wav,72539,7.30482,11.30482,1,2,3,dog_bark
135526-6-7-0.wav,135526,16.858129,18.913998,1,3,6,gun_shot
135527-6-14-10.wav,135527,53.406976,57.406976,2,7,6,gun_shot
38121-3-0-0.wav,38121,0.05536,2.856996,1,6,3,dog_bark
38231-3-2-0.wav,38231,13.437498,17.437498,1,4,3,dog_bark
65472-1-0-0.wav,65472,86.356413,87.241771,2,5,1,car_horn
72259-1-9-5.wav,72259,226.938833,230.938833,2,5,1,car_horn
76091-6-4-0.wav,76091,4.212529,4.378813,1,2,6,gun_shot
184725-3-0-5.wav,184725,2.5,6.5,1,3,3,dog_bark
144028-3-0-0.wav,144028,0,1.799509,1,8,3,dog_bark
38236-3-2-3.wav,38236,14.934856,18.934856,1,7,3,dog_bark
26177-1-2-0.wav,26177,2.164053,3.670195,2,5,1,car_horn
162432-6-4-0.wav,162432,13.310539,14.338132,1,5,6,gun_shot
37869-3-1-0.wav,37869,6.003142,7.414477,1,5,3,dog_bark
170015-3-0-0.wav,170015,1.193864,1.790795,1,3,3,dog_bark
162540-1-1-0.wav,162540,5.888426,6.202331,1,1,1,car_horn
89210-3-0-0.wav,89210,0.056222,2.144197,1,7,3,dog_bark
191382-3-1-0.wav,191382,28.636596,32.636596,1,5,3,dog_bark
66587-3-0-0.wav,66587,1.836262,2.35271,1,5,3,dog_bark
44831-3-2-0.wav,44831,20.35725,21.81134,2,3,3,dog_bark
50223-3-0-1.wav,50223,2.808086,6.808086,2,9,3,dog_bark
176638-1-0-0.wav,176638,4.51208,5.061169,1,1,1,car_horn
71700-3-4-1.wav,71700,130.365574,134.365574,2,8,3,dog_bark
162434-6-2-0.wav,162434,2.525863,3.361458,1,6,6,gun_shot
139948-3-0-0.wav,139948,1.066204,4.182799,2,5,3,dog_bark
72567-1-4-1.wav,72567,55.18067,59.18067,2,2,1,car_horn
197320-6-4-0.wav,197320,11.236102,14.097039,1,2,6,gun_shot
145612-6-0-0.wav,145612,1.620559,2.595642,2,8,6,gun_shot
72259-1-7-13.wav,72259,149.781751,153.781751,2,5,1,car_horn
197080-3-0-1.wav,197080,0.5,4.5,1,7,3,dog_bark
7064-6-4-0.wav,7064,5.952204,7.283618,1,4,6,gun_shot
135544-6-0-0.wav,135544,1.551861,3.879652,1,6,6,gun_shot
44110-3-4-0.wav,44110,16.802122,18.437973,1,8,3,dog_bark
108187-3-3-0.wav,108187,18.010504,19.093609,2,2,3,dog_bark
99185-3-0-0.wav,99185,0.341411,0.950911,1,5,3,dog_bark
174294-6-1-0.wav,174294,4.167707,7.343939,1,1,6,gun_shot
50613-3-0-0.wav,50613,0,0.538526,1,8,3,dog_bark
174026-3-1-5.wav,174026,11.719766,15.719766,2,4,3,dog_bark
135544-6-2-0.wav,135544,6.262867,8.036423,1,6,6,gun_shot
7067-6-0-0.wav,7067,0.969265,3.698209,1,7,6,gun_shot
164312-3-4-0.wav,164312,25.711605,27.412932,1,1,3,dog_bark
72259-1-9-2.wav,72259,225.438833,229.438833,2,5,1,car_horn
72261-3-0-17.wav,72261,9.973879,13.973879,1,1,3,dog_bark
27349-3-2-1.wav,27349,41.980366,45.980366,2,2,3,dog_bark
52441-3-0-0.wav,52441,0,4,1,4,3,dog_bark
162432-6-1-0.wav,162432,3.130947,4.222765,1,5,6,gun_shot
79584-3-1-2.wav,79584,38.833412,42.833412,1,9,3,dog_bark
179096-3-0-9.wav,179096,4.5,8.5,1,2,3,dog_bark
28808-1-0-0.wav,28808,0,4,1,10,1,car_horn
196127-3-0-4.wav,196127,2,6,1,10,3,dog_bark
137803-3-0-1.wav,137803,0.5,4.5,1,9,3,dog_bark
128891-3-0-2.wav,128891,1,5,1,6,3,dog_bark
72259-1-7-9.wav,72259,147.781751,151.781751,2,5,1,car_horn
33641-3-7-0.wav,33641,17.74173,19.385669,1,9,3,dog_bark
97193-3-0-4.wav,97193,2,6,1,2,3,dog_bark
65750-3-3-74.wav,65750,350.029703,354.029703,2,3,3,dog_bark
71312-3-0-2.wav,71312,135.37905,139.37905,2,10,3,dog_bark
22973-3-0-1.wav,22973,0.64222,4.64222,2,10,3,dog_bark
128470-3-0-8.wav,128470,5.711988,9.711988,1,10,3,dog_bark
34771-3-0-5.wav,34771,2.5,6.5,1,5,3,dog_bark
97193-3-0-0.wav,97193,0,4,1,2,3,dog_bark
47926-3-0-0.wav,47926,1.674351,2.683324,1,4,3,dog_bark
7064-6-2-0.wav,7064,3.585246,4.760023,1,4,6,gun_shot
178118-3-1-0.wav,178118,3.373941,4.131185,2,9,3,dog_bark
203355-3-0-0.wav,203355,42.985765,44.114,2,6,3,dog_bark
135527-6-6-0.wav,135527,16.095015,18.533653,2,7,6,gun_shot
117048-3-0-17.wav,117048,8.5,12.5,1,3,3,dog_bark
4201-3-3-0.wav,4201,3.968154,4.976726,2,2,3,dog_bark
33849-3-0-0.wav,33849,0,0.264593,1,2,3,dog_bark
197073-3-0-0.wav,197073,0,0.6576,1,1,3,dog_bark
29936-3-3-0.wav,29936,16.941228,19.022853,2,8,3,dog_bark
117271-3-0-0.wav,117271,0,4,1,6,3,dog_bark
173994-3-0-3.wav,173994,1.5,5.5,1,4,3,dog_bark
51022-3-29-0.wav,51022,44.136601,44.596982,1,1,3,dog_bark
207124-3-1-0.wav,207124,2.736347,5.596604,1,3,3,dog_bark
110918-3-0-9.wav,110918,4.5,8.5,1,7,3,dog_bark
77927-3-0-0.wav,77927,29.236982,33.236982,2,10,3,dog_bark
159708-6-0-0.wav,159708,0,0.339735,1,7,6,gun_shot
197318-6-7-0.wav,197318,20.054592,21.886864,1,1,6,gun_shot
135526-6-12-0.wav,135526,27.766329,30.451053,1,3,6,gun_shot
34872-3-0-0.wav,34872,0,4,1,5,3,dog_bark
205013-6-0-0.wav,205013,0,1.497188,1,10,6,gun_shot
72567-1-0-0.wav,72567,0,4,2,2,1,car_horn
46656-6-5-0.wav,46656,10.761675,12.112513,1,1,6,gun_shot
4910-3-0-0.wav,4910,0.031494,0.647731,1,6,3,dog_bark
87275-1-1-0.wav,87275,1.613718,1.668236,2,1,1,car_horn
136399-6-0-0.wav,136399,0,3.353689,1,9,6,gun_shot
157322-3-0-4.wav,157322,2,6,1,6,3,dog_bark
9674-1-0-2.wav,9674,2.062597,6.062597,1,3,1,car_horn
4912-3-0-0.wav,4912,0,0.231748,1,6,3,dog_bark
26256-3-6-6.wav,26256,149.360644,153.360644,2,4,3,dog_bark
72567-1-4-3.wav,72567,56.18067,60.18067,2,2,1,car_horn
18594-1-6-0.wav,18594,77.175828,77.611488,1,3,1,car_horn
29936-3-1-0.wav,29936,7.862139,10.071864,2,8,3,dog_bark
159708-6-5-0.wav,159708,1.516277,1.822596,1,7,6,gun_shot
180256-3-0-2.wav,180256,1,5,1,1,3,dog_bark
61077-3-1-0.wav,61077,32.394596,34.434647,1,8,3,dog_bark
76089-6-0-0.wav,76089,0.433166,1.013356,1,2,6,gun_shot
7965-3-22-0.wav,7965,172.244126,175.170082,2,10,3,dog_bark
200161-3-6-4.wav,200161,39.617328,43.617328,1,3,3,dog_bark
26256-3-4-0.wav,26256,30.938363,34.938363,2,4,3,dog_bark
63292-3-0-1.wav,63292,0.5,4.5,1,3,3,dog_bark
200460-6-0-0.wav,200460,1.282736,3.181186,1,10,6,gun_shot
183992-3-0-3.wav,183992,1.5,5.5,1,7,3,dog_bark
155130-1-1-0.wav,155130,71.566281,72.244063,1,9,1,car_horn
174873-3-5-12.wav,174873,247.301632,251.301632,1,8,3,dog_bark
81722-3-0-21.wav,81722,10.5,14.5,2,9,3,dog_bark
110918-3-0-1.wav,110918,0.5,4.5,1,7,3,dog_bark
72259-1-9-15.wav,72259,231.938833,235.938833,2,5,1,car_horn
135527-6-3-0.wav,135527,9.205861,10.486146,2,7,6,gun_shot
20841-3-6-0.wav,20841,29.608358,30.223228,2,3,3,dog_bark
19496-3-1-1.wav,19496,41.920638,45.920638,2,3,3,dog_bark
41372-3-0-25.wav,41372,29.892794,33.892794,2,3,3,dog_bark
179386-3-0-3.wav,179386,1.5,5.5,1,3,3,dog_bark
145612-6-1-0.wav,145612,3.886596,4.683142,2,8,6,gun_shot
157649-3-2-0.wav,157649,23.8413,27.8413,2,8,3,dog_bark
204919-3-1-0.wav,204919,10.451745,14.451745,2,6,3,dog_bark
63292-3-0-0.wav,63292,0,4,1,3,3,dog_bark
110371-3-0-1.wav,110371,0.790852,4.790852,1,5,3,dog_bark
61077-3-2-0.wav,61077,36.017445,39.71064,1,8,3,dog_bark
72259-1-7-8.wav,72259,147.281751,151.281751,2,5,1,car_horn
180156-1-8-0.wav,180156,25.488681,26.086759,2,9,1,car_horn
190996-3-0-0.wav,190996,12.510494,16.510494,2,8,3,dog_bark
72259-1-7-5.wav,72259,145.781751,149.781751,2,5,1,car_horn
179096-3-0-10.wav,179096,5,9,1,2,3,dog_bark
161923-3-0-0.wav,161923,0,4,1,6,3,dog_bark
51024-3-0-3.wav,51024,1.899669,5.899669,2,10,3,dog_bark
72567-1-4-5.wav,72567,57.18067,61.18067,2,2,1,car_horn
136399-6-1-0.wav,136399,4.547806,8.231783,1,9,6,gun_shot
72259-1-7-21.wav,72259,153.781751,157.781751,2,5,1,car_horn
24074-1-0-5.wav,24074,15.560993,19.560993,1,1,1,car_horn
26255-3-6-0.wav,26255,27.82535,28.543424,2,10,3,dog_bark
7389-1-3-3.wav,7389,97.609623,101.609623,2,4,1,car_horn
174841-1-0-0.wav,174841,1.05814,2.870053,1,4,1,car_horn
148838-6-1-0.wav,148838,1.270571,2.476207,1,3,6,gun_shot
103076-3-2-0.wav,103076,10.265534,10.717475,1,8,3,dog_bark
20841-3-2-0.wav,20841,7.756822,8.584532,2,3,3,dog_bark
26186-1-0-0.wav,26186,0,0.392109,1,9,1,car_horn
344-3-1-0.wav,344,1.401936,2.666725,1,4,3,dog_bark
9031-3-1-0.wav,9031,5.55171,5.967569,1,1,3,dog_bark
125554-3-0-0.wav,125554,0.572068,2.220842,1,6,3,dog_bark
135544-6-13-0.wav,135544,37.078392,38.242287,1,6,6,gun_shot
46656-6-4-0.wav,46656,9.118156,10.626591,1,1,6,gun_shot
156194-1-0-0.wav,156194,0,0.252086,2,1,1,car_horn
199769-1-0-3.wav,199769,2.348273,6.348273,1,3,1,car_horn
128030-3-1-0.wav,128030,3.851144,4.430814,1,3,3,dog_bark
34771-3-0-10.wav,34771,5,9,1,5,3,dog_bark
125791-3-0-12.wav,125791,6,10,1,1,3,dog_bark
147672-3-2-0.wav,147672,3.781219,4.161808,1,2,3,dog_bark
174282-6-2-0.wav,174282,5.210563,8.995904,1,9,6,gun_shot
135527-6-14-4.wav,135527,50.406976,54.406976,2,7,6,gun_shot
20571-3-0-0.wav,20571,11.239642,14.185956,2,10,3,dog_bark
23131-3-4-0.wav,23131,41.386153,41.996663,2,2,3,dog_bark
24074-1-0-6.wav,24074,16.060993,20.060993,1,1,1,car_horn
126521-3-0-17.wav,126521,10.821995,14.821995,2,5,3,dog_bark
105088-3-0-19.wav,105088,9.5,13.5,1,9,3,dog_bark
14524-1-0-0.wav,14524,45.748852,46.598538,2,7,1,car_horn
70168-3-1-20.wav,70168,27.630393,31.630393,2,8,3,dog_bark
46656-6-0-0.wav,46656,0.247654,1.666033,1,1,6,gun_shot
14468-3-0-3.wav,14468,2.337557,6.337557,1,10,3,dog_bark
126521-3-0-12.wav,126521,8.321995,12.321995,2,5,3,dog_bark
29937-3-0-8.wav,29937,4,8,2,5,3,dog_bark
82811-3-0-1.wav,82811,1.718396,5.718396,1,3,3,dog_bark
162433-6-4-0.wav,162433,2.256555,2.793572,1,8,6,gun_shot
72259-1-7-20.wav,72259,153.281751,157.281751,2,5,1,car_horn
116485-3-2-4.wav,116485,29.595083,33.595083,1,7,3,dog_bark
71309-1-0-8.wav,71309,4.406025,8.406025,2,8,1,car_horn
43802-1-1-0.wav,43802,2.425507,2.627632,1,6,1,car_horn
135527-6-0-0.wav,135527,0,1.280285,2,7,6,gun_shot
197318-6-9-0.wav,197318,27.659775,29.592446,1,1,6,gun_shot
71312-3-0-1.wav,71312,134.87905,138.87905,2,10,3,dog_bark
155488-3-3-1.wav,155488,147.923873,151.923873,2,6,3,dog_bark
72259-1-9-8.wav,72259,228.438833,232.438833,2,5,1,car_horn
155129-1-0-0.wav,155129,13.299687,13.403296,1,2,1,car_horn
107190-3-0-0.wav,107190,0,0.794875,1,8,3,dog_bark
7389-1-4-11.wav,7389,166.261242,170.261242,2,4,1,car_horn
103076-3-1-0.wav,103076,6.788349,7.756796,1,8,3,dog_bark
63932-3-1-0.wav,63932,36.729332,40.729332,1,4,3,dog_bark
71309-1-0-1.wav,71309,0.906025,4.906025,2,8,1,car_horn
179866-1-0-0.wav,179866,0.145435,0.630933,1,2,1,car_horn
52441-3-0-13.wav,52441,6.5,10.5,1,4,3,dog_bark
74513-3-0-5.wav,74513,2.933328,6.933328,1,7,3,dog_bark
201207-3-0-0.wav,201207,0,2.083529,1,4,3,dog_bark
68389-3-2-0.wav,68389,7.818533,9.227161,1,4,3,dog_bark
180156-1-9-0.wav,180156,26.403389,26.755199,2,9,1,car_horn
197318-6-10-0.wav,197318,31.24902,32.5291,1,1,6,gun_shot
197318-6-2-0.wav,197318,4.417532,6.350202,1,1,6,gun_shot
161922-3-1-5.wav,161922,45.618484,49.618484,2,6,3,dog_bark
193394-3-0-10.wav,193394,5,9,1,1,3,dog_bark
135544-6-14-0.wav,135544,38.242287,39.239912,1,6,6,gun_shot
77233-3-0-79.wav,77233,39.5,43.5,2,5,3,dog_bark
19496-3-1-0.wav,19496,41.420638,45.420638,2,3,3,dog_bark
138468-1-0-0.wav,138468,0.289342,3.890508,2,9,1,car_horn
135526-6-10-0.wav,135526,22.759683,25.371846,1,3,6,gun_shot
7389-1-4-12.wav,7389,166.761242,170.761242,2,4,1,car_horn
116485-3-2-0.wav,116485,27.595083,31.595083,1,7,3,dog_bark
51027-3-0-7.wav,51027,3.5,7.5,2,6,3,dog_bark
72579-3-0-4.wav,72579,5.486718,9.486718,1,1,3,dog_bark
179865-1-0-0.wav,179865,0.315169,1.648178,2,3,1,car_horn
117536-1-0-0.wav,117536,31.064967,31.640588,2,4,1,car_horn
180156-1-11-0.wav,180156,31.029699,31.645367,2,9,1,car_horn
199769-1-0-14.wav,199769,7.848273,11.848273,1,3,1,car_horn
57596-3-0-0.wav,57596,0.591383,3.288668,2,7,3,dog_bark
74950-3-0-0.wav,74950,0.333126,4.333126,1,4,3,dog_bark
83465-1-0-0.wav,83465,1.334117,1.859058,1,8,1,car_horn
162703-1-0-0.wav,162703,0.432845,1.592012,2,1,1,car_horn
118101-3-0-0.wav,118101,1.042871,5.042871,1,1,3,dog_bark
151359-1-0-0.wav,151359,5.038068,5.180168,1,3,1,car_horn
136399-6-5-0.wav,136399,21.4941,23.856927,1,9,6,gun_shot
135527-6-8-0.wav,135527,21.642918,23.471897,2,7,6,gun_shot
135526-6-9-0.wav,135526,20.776374,22.759683,1,3,6,gun_shot
160575-3-1-0.wav,160575,3.450622,4.514564,2,6,3,dog_bark
82024-3-0-5.wav,82024,25.151009,29.151009,2,7,3,dog_bark
161922-3-1-6.wav,161922,46.118484,50.118484,2,6,3,dog_bark
159708-6-3-0.wav,159708,0.914779,1.214135,1,7,6,gun_shot
165567-3-4-0.wav,165567,29.347624,31.26,2,9,3,dog_bark
113785-3-0-0.wav,113785,0.259572,0.703092,1,2,3,dog_bark
155314-3-0-2.wav,155314,1,5,1,7,3,dog_bark
7389-1-0-3.wav,7389,1.5,5.5,2,4,1,car_horn
175853-1-0-0.wav,175853,0.077038,0.360623,1,9,1,car_horn
50618-6-0-0.wav,50618,7.305945,8.639775,1,4,6,gun_shot
84254-6-0-0.wav,84254,0.314041,1.369388,1,5,6,gun_shot
199261-3-0-4.wav,199261,2.211116,6.211116,1,10,3,dog_bark
72723-3-0-0.wav,72723,0,1.410612,1,9,3,dog_bark
179862-1-0-0.wav,179862,0.324883,0.70578,1,4,1,car_horn
143115-1-4-0.wav,143115,58.001372,58.353505,2,6,1,car_horn
183992-3-0-9.wav,183992,4.5,8.5,1,7,3,dog_bark
174284-6-0-0.wav,174284,0,2.549372,1,7,6,gun_shot
194753-3-0-0.wav,194753,0,0.752941,2,6,3,dog_bark
27217-3-0-22.wav,27217,11,15,1,7,3,dog_bark
169261-6-0-0.wav,169261,0.571057,2.23122,1,10,6,gun_shot
34871-3-9-0.wav,34871,64.342534,68.342534,2,7,3,dog_bark
87275-1-2-0.wav,87275,1.817251,1.871768,2,1,1,car_horn
157322-3-0-6.wav,157322,3,7,1,6,3,dog_bark
62048-3-0-3.wav,62048,1.5,5.5,1,8,3,dog_bark
72539-3-0-6.wav,72539,9.80482,13.80482,1,2,3,dog_bark
52077-3-0-8.wav,52077,4.60243,8.60243,1,3,3,dog_bark
156091-1-0-0.wav,156091,1.175595,2.9223,2,7,1,car_horn
72259-1-7-6.wav,72259,146.281751,150.281751,2,5,1,car_horn
175915-3-1-8.wav,175915,123.071504,127.071504,2,9,3,dog_bark
128240-3-0-42.wav,128240,21,25,1,10,3,dog_bark
209672-3-6-0.wav,209672,20.436615,21.172123,1,10,3,dog_bark
174840-1-0-0.wav,174840,0.89259,3.875029,1,3,1,car_horn
135526-6-3-0.wav,135526,9.045825,10.569587,1,3,6,gun_shot
69661-3-0-23.wav,69661,11.5,15.5,1,10,3,dog_bark
71700-3-4-3.wav,71700,131.365574,135.365574,2,8,3,dog_bark
35800-6-0-0.wav,35800,0.297187,4.297187,1,2,6,gun_shot
61250-3-0-62.wav,61250,31,35,2,9,3,dog_bark
58202-1-0-0.wav,58202,0,1.455435,1,2,1,car_horn
57105-3-1-0.wav,57105,232.256082,236.256082,2,9,3,dog_bark
70098-3-0-0.wav,70098,0.13072,2.272509,1,9,3,dog_bark
153057-1-0-0.wav,153057,0.284091,1.383136,1,7,1,car_horn
162432-6-13-0.wav,162432,26.877976,27.712896,1,5,6,gun_shot
197320-6-7-0.wav,197320,20.372644,22.77214,1,2,6,gun_shot
51024-3-0-23.wav,51024,11.899669,15.899669,2,10,3,dog_bark
115411-3-3-0.wav,115411,23.161936,27.161936,2,7,3,dog_bark
177620-3-0-20.wav,177620,11.664997,15.664997,2,9,3,dog_bark
155310-3-0-0.wav,155310,0,2.774785,1,1,3,dog_bark
41306-3-0-10.wav,41306,5,9,2,10,3,dog_bark
72567-1-4-6.wav,72567,57.68067,61.68067,2,2,1,car_horn
185436-1-6-0.wav,185436,235.134535,238.107337,2,5,1,car_horn
54545-3-0-1.wav,54545,1.326371,5.326371,1,2,3,dog_bark
72538-3-0-3.wav,72538,3.601978,7.601978,1,10,3,dog_bark
18933-1-0-0.wav,18933,25.639242,25.944262,2,6,1,car_horn
132073-1-6-0.wav,132073,35.409997,35.775857,2,2,1,car_horn
74725-3-0-1.wav,74725,0.865119,4.865119,1,4,3,dog_bark
184575-3-0-0.wav,184575,0,4,1,9,3,dog_bark
148828-6-1-0.wav,148828,2.597597,3.691568,1,7,6,gun_shot
95404-3-0-0.wav,95404,35.401208,39.401208,2,4,3,dog_bark
76093-6-1-0.wav,76093,4.586976,5.222472,1,1,6,gun_shot
49809-3-3-0.wav,49809,18.125927,20.897162,2,3,3,dog_bark
24074-1-0-9.wav,24074,17.560993,21.560993,1,1,1,car_horn
173993-3-0-52.wav,173993,26,30,1,5,3,dog_bark
159702-6-5-0.wav,159702,3.003087,3.621884,1,6,6,gun_shot
156418-3-2-0.wav,156418,15.852218,16.85637,1,3,3,dog_bark
155299-3-1-2.wav,155299,9.526258,13.526258,2,7,3,dog_bark
183989-3-1-23.wav,183989,82.676471,86.676471,2,4,3,dog_bark
68657-1-0-0.wav,68657,0.104608,0.853333,2,6,1,car_horn
31325-3-4-0.wav,31325,49.875221,53.875221,1,8,3,dog_bark
135526-6-8-0.wav,135526,18.913998,20.776374,1,3,6,gun_shot
69661-3-0-29.wav,69661,14.5,18.5,1,10,3,dog_bark
55013-3-0-3.wav,55013,1.5,5.5,2,8,3,dog_bark
143115-1-3-0.wav,143115,40.69654,41.149282,2,6,1,car_horn
199769-1-0-1.wav,199769,1.348273,5.348273,1,3,1,car_horn
29932-1-0-0.wav,29932,181.725228,183.563489,2,6,1,car_horn
135528-6-10-0.wav,135528,58.112342,60.231602,2,4,6,gun_shot
70168-3-1-13.wav,70168,24.130393,28.130393,2,8,3,dog_bark
208030-3-0-0.wav,208030,0.180372,2.119367,1,6,3,dog_bark
119420-3-1-0.wav,119420,4.919591,6.752704,1,9,3,dog_bark
118964-3-0-0.wav,118964,0,1.103896,1,4,3,dog_bark
185436-1-4-0.wav,185436,191.391867,195.214042,2,5,1,car_horn
81791-3-0-0.wav,81791,44.484434,48.484434,2,10,3,dog_bark
72567-1-2-1.wav,72567,33.253993,37.253993,2,2,1,car_horn
184575-3-0-2.wav,184575,1,5,1,9,3,dog_bark
135528-6-9-0.wav,135528,49.021832,50.248772,2,4,6,gun_shot
65750-3-0-5.wav,65750,252.955446,256.955446,2,3,3,dog_bark
81791-3-0-1.wav,81791,44.984434,48.984434,2,10,3,dog_bark
17615-3-0-0.wav,17615,35.115512,39.115512,2,3,3,dog_bark
187356-1-2-0.wav,187356,28.471474,32.471474,2,4,1,car_horn
135527-6-2-0.wav,135527,4.511481,6.64529,2,7,6,gun_shot
35799-6-0-0.wav,35799,0.285213,1.297721,1,4,6,gun_shot
72259-1-0-1.wav,72259,0.5,4.5,2,5,1,car_horn
165567-3-2-0.wav,165567,12.111718,14.759624,2,9,3,dog_bark
145611-6-2-0.wav,145611,14.459828,15.560641,2,5,6,gun_shot
147672-3-1-0.wav,147672,1.726745,2.188385,1,2,3,dog_bark
28808-1-1-0.wav,28808,27.28857,31.28857,2,10,1,car_horn
46391-1-0-0.wav,46391,55.735952,59.735952,2,5,1,car_horn
155317-3-0-0.wav,155317,3.031264,7.031264,1,6,3,dog_bark
76566-3-0-8.wav,76566,10.34312,14.34312,2,5,3,dog_bark
100652-3-0-2.wav,100652,1,5,1,2,3,dog_bark
155299-3-1-1.wav,155299,9.026258,13.026258,2,7,3,dog_bark
180960-6-0-0.wav,180960,0.066816,2.140544,1,3,6,gun_shot
72221-3-4-5.wav,72221,143.054455,147.054455,2,8,3,dog_bark
187378-3-0-30.wav,187378,15,19,1,9,3,dog_bark
72259-1-3-0.wav,72259,51.710707,55.660831,2,5,1,car_horn
174294-6-0-0.wav,174294,0,2.535721,1,1,6,gun_shot
63932-3-0-2.wav,63932,1,5,1,4,3,dog_bark
116163-3-1-0.wav,116163,1.351097,1.757649,2,5,3,dog_bark
200161-3-6-0.wav,200161,37.617328,41.617328,1,3,3,dog_bark
174292-6-0-0.wav,174292,0,2.929375,1,10,6,gun_shot
86278-6-0-0.wav,86278,0.242924,1.384127,1,1,6,gun_shot
135544-6-11-0.wav,135544,35.526531,36.025343,1,6,6,gun_shot
61077-3-0-0.wav,61077,28.455188,29.897293,1,8,3,dog_bark
77233-3-0-105.wav,77233,52.5,56.5,2,5,3,dog_bark
61250-3-0-36.wav,61250,18,22,2,9,3,dog_bark
162433-6-6-0.wav,162433,3.371272,3.905576,1,8,6,gun_shot
7060-6-0-0.wav,7060,0.964552,2.4055,1,7,6,gun_shot
161010-1-0-0.wav,161010,123.329283,125.091034,2,4,1,car_horn
85544-3-6-0.wav,85544,20.230123,24.230123,1,4,3,dog_bark
197318-6-11-0.wav,197318,33.909579,35.741851,1,1,6,gun_shot
148835-6-4-0.wav,148835,9.252239,9.952653,1,6,6,gun_shot
101281-3-0-14.wav,101281,7.341333,11.341333,2,6,3,dog_bark
199769-1-0-18.wav,199769,9.848273,13.848273,1,3,1,car_horn
162431-6-0-0.wav,162431,0,1.081659,1,3,6,gun_shot
26256-3-7-36.wav,26256,194.168648,198.168648,2,4,3,dog_bark
100795-3-1-1.wav,100795,13.559155,17.559155,1,10,3,dog_bark
114587-3-0-2.wav,114587,2.467612,6.467612,1,1,3,dog_bark
133797-6-1-0.wav,133797,6.895626,8.845512,1,6,6,gun_shot
76094-6-0-0.wav,76094,0.978498,1.888797,1,3,6,gun_shot
183992-3-0-10.wav,183992,5,9,1,7,3,dog_bark
138015-3-0-1.wav,138015,0.5,4.5,1,1,3,dog_bark
72259-1-9-12.wav,72259,230.438833,234.438833,2,5,1,car_horn
203956-1-0-0.wav,203956,14.903579,16.239277,1,4,1,car_horn
54187-1-0-0.wav,54187,0.189361,4.189361,1,9,1,car_horn
101281-3-0-0.wav,101281,0.341333,4.341333,2,6,3,dog_bark
145206-6-5-0.wav,145206,5.987828,6.739592,1,8,6,gun_shot
65749-3-1-12.wav,65749,81.445545,85.445545,2,1,3,dog_bark
38236-3-2-2.wav,38236,14.434856,18.434856,1,7,3,dog_bark
77927-3-1-1.wav,77927,54.166984,58.166984,2,10,3,dog_bark
122690-6-0-0.wav,122690,12.231953,15.37784,1,1,6,gun_shot
145206-6-4-0.wav,145206,5.020523,5.987828,1,8,6,gun_shot
76090-6-1-0.wav,76090,2.100944,2.473288,1,2,6,gun_shot
9032-3-2-0.wav,9032,1.798732,2.726967,1,6,3,dog_bark
136399-6-9-0.wav,136399,30.488085,32.520624,1,9,6,gun_shot
24074-1-0-7.wav,24074,16.560993,20.560993,1,1,1,car_horn
72259-1-10-14.wav,72259,275.249294,279.249294,2,5,1,car_horn
20285-3-1-0.wav,20285,8.837448,12.837448,1,5,3,dog_bark
44110-3-0-0.wav,44110,0.249536,3.465784,1,8,3,dog_bark
66115-1-0-0.wav,66115,16.711448,20.711448,2,10,1,car_horn
192236-3-0-2.wav,192236,4.506272,8.506272,1,7,3,dog_bark
7383-3-0-0.wav,7383,3.9021,7.9021,1,1,3,dog_bark
204773-3-9-0.wav,204773,42.184968,46.184968,1,2,3,dog_bark
46655-6-0-0.wav,46655,0.365045,1.559262,1,2,6,gun_shot
17074-1-0-0.wav,17074,3.540527,4.403714,2,10,1,car_horn
165567-3-3-0.wav,165567,18.388235,20.251576,2,9,3,dog_bark
85362-3-2-0.wav,85362,10.057793,11.035068,1,7,3,dog_bark
138465-1-0-0.wav,138465,19.212259,22.962543,2,8,1,car_horn
76091-6-1-0.wav,76091,2.255494,2.673336,1,2,6,gun_shot
7060-6-1-0.wav,7060,3.487681,5.040375,1,7,6,gun_shot
132073-1-1-0.wav,132073,2.979144,4.128989,2,2,1,car_horn
57607-1-0-0.wav,57607,9.765042,10.262624,2,6,1,car_horn
157799-6-0-0.wav,157799,0,2.272653,1,4,6,gun_shot
135527-6-14-6.wav,135527,51.406976,55.406976,2,7,6,gun_shot
199261-3-0-1.wav,199261,0.711116,4.711116,1,10,3,dog_bark
180156-1-4-0.wav,180156,13.386395,14.600142,2,9,1,car_horn
24074-1-0-10.wav,24074,18.060993,22.060993,1,1,1,car_horn
162541-1-2-0.wav,162541,10.228976,10.667361,1,2,1,car_horn
33849-3-2-0.wav,33849,3.233909,4.60587,1,2,3,dog_bark
50885-3-0-3.wav,50885,1.5,5.5,1,5,3,dog_bark
155488-3-2-0.wav,155488,99.268224,103.268224,2,6,3,dog_bark
52357-6-0-0.wav,52357,0.033194,0.902864,1,3,6,gun_shot
72259-1-5-3.wav,72259,118.028642,122.028642,2,5,1,car_horn
162728-1-0-0.wav,162728,2.778806,3.200719,1,7,1,car_horn
44110-3-3-0.wav,44110,11.31232,14.500842,1,8,3,dog_bark
49809-3-4-0.wav,49809,22.477792,23.791562,2,3,3,dog_bark
173994-3-0-45.wav,173994,22.5,26.5,1,4,3,dog_bark
102842-3-1-5.wav,102842,115.561785,119.561785,2,1,3,dog_bark
70168-3-1-24.wav,70168,29.630393,33.630393,2,8,3,dog_bark
135544-6-18-0.wav,135544,44.338884,46.167863,1,6,6,gun_shot
204919-3-0-0.wav,204919,3.974607,6.064957,2,6,3,dog_bark
118101-3-0-3.wav,118101,2.542871,6.542871,1,1,3,dog_bark
199769-1-0-0.wav,199769,0.848273,4.848273,1,3,1,car_horn
160366-3-0-4.wav,160366,2,6,1,2,3,dog_bark
185436-1-2-0.wav,185436,97.394678,99.942794,2,5,1,car_horn
122199-3-1-6.wav,122199,17.647059,21.647059,2,8,3,dog_bark
191382-3-0-5.wav,191382,3.11858,7.11858,1,5,3,dog_bark
135526-6-13-0.wav,135526,30.451053,31.007347,1,3,6,gun_shot
34871-3-8-0.wav,34871,60.868788,63.466274,1,7,3,dog_bark
174293-6-0-0.wav,174293,0.109464,2.572406,1,2,6,gun_shot
28808-1-0-11.wav,28808,5.5,9.5,1,10,1,car_horn
24074-1-0-4.wav,24074,15.060993,19.060993,1,1,1,car_horn
69777-3-0-1.wav,69777,0.5,4.5,2,9,3,dog_bark
190680-3-4-0.wav,190680,21.352441,25.352441,2,6,3,dog_bark
199769-1-0-15.wav,199769,8.348273,12.348273,1,3,1,car_horn
162435-6-2-0.wav,162435,1.699896,2.27278,1,4,6,gun_shot
162431-6-2-0.wav,162431,4.449299,5.084913,1,3,6,gun_shot
12647-3-3-0.wav,12647,6.682172,10.682172,1,3,3,dog_bark
117072-3-0-19.wav,117072,10.828188,14.828188,1,3,3,dog_bark
43784-3-0-0.wav,43784,0.934147,1.116784,1,7,3,dog_bark
9674-1-0-1.wav,9674,1.562597,5.562597,1,3,1,car_horn
149177-6-0-0.wav,149177,0,0.81678,1,2,6,gun_shot
72537-3-0-6.wav,72537,4.31661,8.31661,1,3,3,dog_bark
43784-3-1-0.wav,43784,2.739564,3.254543,1,7,3,dog_bark
30832-3-5-1.wav,30832,44.968823,48.968823,2,4,3,dog_bark
200161-3-7-0.wav,200161,55.340876,56.104476,1,3,3,dog_bark
57553-3-1-0.wav,57553,9.679885,11.932555,2,1,3,dog_bark
13577-3-0-2.wav,13577,3.313777,7.313777,2,5,3,dog_bark
118963-3-0-0.wav,118963,0,0.519479,1,1,3,dog_bark
192236-3-0-8.wav,192236,7.506272,11.506272,1,7,3,dog_bark
204773-3-9-1.wav,204773,42.684968,46.684968,1,2,3,dog_bark
24965-3-2-0.wav,24965,2.308111,2.911635,1,7,3,dog_bark
155488-3-3-0.wav,155488,147.423873,151.423873,2,6,3,dog_bark
41306-3-0-4.wav,41306,2,6,2,10,3,dog_bark
125520-1-4-0.wav,125520,7.318298,7.885858,1,8,1,car_horn
72259-1-10-4.wav,72259,270.249294,274.249294,2,5,1,car_horn
41918-3-0-1.wav,41918,1.025781,5.025781,1,4,3,dog_bark
100652-3-0-3.wav,100652,1.5,5.5,1,2,3,dog_bark
72724-3-2-8.wav,72724,33.79511,37.79511,1,4,3,dog_bark
46656-6-1-0.wav,46656,3.32081,4.637877,1,1,6,gun_shot
135544-6-16-0.wav,135544,41.013467,42.454481,1,6,6,gun_shot
176258-3-1-13.wav,176258,76.397629,80.397629,1,1,3,dog_bark
164312-3-0-0.wav,164312,0,3.450579,1,1,3,dog_bark
35296-3-2-0.wav,35296,7.448507,9.592966,2,4,3,dog_bark
176257-3-0-0.wav,176257,45.814379,49.814379,1,1,3,dog_bark
33696-3-6-1.wav,33696,88.593536,92.593536,2,3,3,dog_bark
19503-3-2-0.wav,19503,23.112871,23.809901,2,5,3,dog_bark
135528-6-12-0.wav,135528,65.027823,67.370163,2,4,6,gun_shot
162432-6-9-0.wav,162432,22.41437,23.779142,1,5,6,gun_shot
72259-1-9-4.wav,72259,226.438833,230.438833,2,5,1,car_horn
180156-1-3-0.wav,180156,11.856019,12.454097,2,9,1,car_horn
166489-3-0-1.wav,166489,0.5,4.5,1,6,3,dog_bark
139948-3-1-0.wav,139948,5.946136,8.939708,2,5,3,dog_bark
116163-3-2-0.wav,116163,2.139747,3.258529,1,5,3,dog_bark
76566-3-0-6.wav,76566,9.34312,13.34312,2,5,3,dog_bark
128465-1-0-5.wav,128465,9.677949,13.677949,2,6,1,car_horn
203440-3-0-1.wav,203440,24.009202,28.009202,2,1,3,dog_bark
100652-3-0-0.wav,100652,0,4,1,2,3,dog_bark
162433-6-3-0.wav,162433,1.776495,2.240282,1,8,6,gun_shot
209672-3-8-0.wav,209672,25.059808,26.110534,1,10,3,dog_bark
175856-1-2-0.wav,175856,3.031496,4.156539,1,8,1,car_horn
77233-3-0-67.wav,77233,33.5,37.5,2,5,3,dog_bark
29937-3-0-4.wav,29937,2,6,2,5,3,dog_bark
95549-3-0-20.wav,95549,21.181689,25.181689,2,8,3,dog_bark
72259-1-9-11.wav,72259,229.938833,233.938833,2,5,1,car_horn
25037-6-1-0.wav,25037,1.377778,2.703889,2,10,6,gun_shot
81722-3-0-28.wav,81722,14,18,2,9,3,dog_bark
159702-6-2-0.wav,159702,1.174665,1.76899,1,6,6,gun_shot
72259-1-8-0.wav,72259,201.635848,205.585971,2,5,1,car_horn
18581-3-1-1.wav,18581,64.21059,68.21059,2,2,3,dog_bark
72567-1-4-4.wav,72567,56.68067,60.68067,2,2,1,car_horn
178118-3-0-0.wav,178118,0,0.723588,2,9,3,dog_bark
37869-3-5-0.wav,37869,21.567581,23.177696,1,5,3,dog_bark
77927-3-0-2.wav,77927,30.236982,34.236982,2,10,3,dog_bark
158607-3-2-0.wav,158607,11.16796,13.21088,1,2,3,dog_bark
178497-3-0-4.wav,178497,2,6,1,5,3,dog_bark
197080-3-0-7.wav,197080,3.5,7.5,1,7,3,dog_bark
57553-3-0-0.wav,57553,0,1.715423,2,1,3,dog_bark
183894-1-8-0.wav,183894,133.225949,134.317369,2,7,1,car_horn
180052-3-0-0.wav,180052,0,4,1,5,3,dog_bark
101281-3-0-5.wav,101281,2.841333,6.841333,2,6,3,dog_bark
126521-3-0-2.wav,126521,3.321995,7.321995,2,5,3,dog_bark
162432-6-0-0.wav,162432,0.786751,1.846456,1,5,6,gun_shot
135527-6-12-0.wav,135527,38.469524,40.420435,2,7,6,gun_shot
65381-3-0-3.wav,65381,2.356686,6.356686,1,5,3,dog_bark
99812-1-0-1.wav,99812,38.676254,42.676254,2,7,1,car_horn
7389-1-0-2.wav,7389,1,5,2,4,1,car_horn
94868-1-2-0.wav,94868,2.381256,2.75053,1,1,1,car_horn
197318-6-8-0.wav,197318,22.388856,24.07053,1,1,6,gun_shot
145683-6-2-0.wav,145683,11.172041,12.092583,2,9,6,gun_shot
35629-3-2-0.wav,35629,15.589576,19.589576,1,4,3,dog_bark
72724-3-2-7.wav,72724,33.29511,37.29511,1,4,3,dog_bark
162702-1-0-0.wav,162702,0,0.105962,1,6,1,car_horn
54858-3-0-0.wav,54858,28.04638,32.04638,2,1,3,dog_bark
27216-3-0-9.wav,27216,5.31491,9.31491,1,7,3,dog_bark
161010-1-1-0.wav,161010,147.124081,148.444179,2,4,1,car_horn
69777-3-0-2.wav,69777,1,5,2,9,3,dog_bark
175917-3-1-1.wav,175917,86.429353,90.429353,2,6,3,dog_bark
101415-3-0-3.wav,101415,1.5,5.5,1,1,3,dog_bark
158978-6-0-0.wav,158978,0,1.737542,1,7,6,gun_shot
175856-1-1-0.wav,175856,0.932044,1.230957,1,8,1,car_horn
4918-3-3-0.wav,4918,4.8672,5.2832,1,8,3,dog_bark
174287-6-1-0.wav,174287,5.227853,7.463956,1,9,6,gun_shot
43786-3-1-0.wav,43786,2.926828,3.314202,1,1,3,dog_bark
135528-6-7-0.wav,135528,38.871692,40.489022,2,4,6,gun_shot
82317-1-0-0.wav,82317,10.968053,14.968053,2,6,1,car_horn
24074-1-0-11.wav,24074,18.560993,22.560993,1,1,1,car_horn
72259-1-7-7.wav,72259,146.781751,150.781751,2,5,1,car_horn
102547-3-0-7.wav,102547,3.5,7.5,1,5,3,dog_bark
102842-3-1-0.wav,102842,113.061785,117.061785,2,1,3,dog_bark
145609-6-1-0.wav,145609,4.148941,5.235569,2,5,6,gun_shot
116483-3-0-2.wav,116483,1,5,1,9,3,dog_bark
81722-3-0-22.wav,81722,11,15,2,9,3,dog_bark
7066-6-1-0.wav,7066,1.791962,4.957761,1,5,6,gun_shot
200460-6-5-0.wav,200460,7.952965,9.040726,1,10,6,gun_shot
151359-1-2-0.wav,151359,11.322735,11.419621,1,3,1,car_horn
7389-1-2-3.wav,7389,80.253483,84.253483,2,4,1,car_horn
37869-3-3-0.wav,37869,15.902364,18.108817,1,5,3,dog_bark
125574-3-0-0.wav,125574,0,1.45068,1,6,3,dog_bark
110134-3-0-0.wav,110134,0,1.130113,1,8,3,dog_bark
113785-3-1-0.wav,113785,0.991278,1.592177,1,2,3,dog_bark
74723-3-0-1.wav,74723,0.898746,4.898746,1,4,3,dog_bark
52633-3-0-2.wav,52633,1,5,1,8,3,dog_bark
62048-3-0-2.wav,62048,1,5,1,8,3,dog_bark
146343-3-0-0.wav,146343,0,4,1,8,3,dog_bark
71439-1-0-0.wav,71439,0.760605,2.143523,1,5,1,car_horn
72221-3-1-0.wav,72221,66.415842,70.415842,2,8,3,dog_bark
203516-3-0-0.wav,203516,7.554407,9.492609,2,5,3,dog_bark
72537-3-0-8.wav,72537,5.31661,9.31661,1,3,3,dog_bark
100648-1-3-0.wav,100648,17.631764,19.253075,2,10,1,car_horn
7389-1-4-0.wav,7389,160.761242,164.761242,2,4,1,car_horn
171464-3-1-0.wav,171464,3.961007,7.961007,1,8,3,dog_bark
109711-3-1-0.wav,109711,3.332443,5.69896,1,4,3,dog_bark
135544-6-6-0.wav,135544,29.041969,30.538406,1,6,6,gun_shot
179096-3-0-5.wav,179096,2.5,6.5,1,2,3,dog_bark
20015-3-0-19.wav,20015,32.76305,36.76305,2,5,3,dog_bark
155299-3-1-0.wav,155299,8.526258,12.526258,2,7,3,dog_bark
128465-1-0-0.wav,128465,7.177949,11.177949,2,6,1,car_horn
72259-1-9-0.wav,72259,224.438833,228.438833,2,5,1,car_horn
7965-3-16-0.wav,7965,108.954389,110.833354,2,10,3,dog_bark
49808-3-1-22.wav,49808,67.882376,71.882376,2,2,3,dog_bark
145608-6-1-0.wav,145608,4.196809,5.231175,2,2,6,gun_shot
145608-6-3-0.wav,145608,8.842974,9.750163,2,2,6,gun_shot
72259-1-10-3.wav,72259,269.749294,273.749294,2,5,1,car_horn
187378-3-0-19.wav,187378,9.5,13.5,1,9,3,dog_bark
173995-3-0-3.wav,173995,1.5,5.5,1,2,3,dog_bark
72567-1-4-7.wav,72567,58.18067,62.18067,2,2,1,car_horn
155129-1-2-0.wav,155129,296.18928,298.389901,2,2,1,car_horn
132073-1-0-0.wav,132073,0.940782,2.404221,2,2,1,car_horn
72259-1-10-11.wav,72259,273.749294,277.749294,2,5,1,car_horn
30226-3-1-1.wav,30226,5.695936,9.695936,1,8,3,dog_bark
33696-3-4-1.wav,33696,69.789945,73.789945,2,3,3,dog_bark
197080-3-1-0.wav,197080,22.422118,26.422118,1,7,3,dog_bark
7389-1-4-1.wav,7389,161.261242,165.261242,2,4,1,car_horn
135527-6-1-0.wav,135527,1.280285,4.511481,2,7,6,gun_shot
93139-6-0-0.wav,93139,1.091134,2.538287,1,5,6,gun_shot
197320-6-11-0.wav,197320,34.262035,37.284477,1,2,6,gun_shot
116400-3-1-1.wav,116400,12.769801,16.769801,1,3,3,dog_bark
95532-3-0-0.wav,95532,2.56279,6.56279,1,6,3,dog_bark
135544-6-15-0.wav,135544,39.572454,40.791773,1,6,6,gun_shot
185436-1-0-0.wav,185436,18.261502,19.677122,2,5,1,car_horn
97756-3-0-0.wav,97756,0.141727,1.290466,1,10,3,dog_bark
31323-3-0-22.wav,31323,11.492016,15.492016,2,1,3,dog_bark
82811-3-0-2.wav,82811,2.218396,6.218396,1,3,3,dog_bark
199769-1-0-8.wav,199769,4.848273,8.848273,1,3,1,car_horn
184725-3-0-4.wav,184725,2,6,1,3,3,dog_bark
28284-3-0-1.wav,28284,6.178508,10.178508,1,6,3,dog_bark
72259-1-9-6.wav,72259,227.438833,231.438833,2,5,1,car_horn
178497-3-0-1.wav,178497,0.5,4.5,1,5,3,dog_bark
106955-6-0-0.wav,106955,0.495575,1.649031,1,9,6,gun_shot
143115-1-0-0.wav,143115,26.862734,27.466391,2,6,1,car_horn
44831-3-1-0.wav,44831,10.038318,11.313835,2,3,3,dog_bark
26177-1-0-0.wav,26177,0,0.246102,2,5,1,car_horn
135527-6-10-0.wav,135527,32.860655,33.714179,2,7,6,gun_shot
175849-1-0-0.wav,175849,0.035708,0.554668,1,5,1,car_horn
73168-1-2-0.wav,73168,3.670782,4.524515,1,9,1,car_horn
17615-3-0-6.wav,17615,38.115512,42.115512,2,3,3,dog_bark
135527-6-14-9.wav,135527,52.906976,56.906976,2,7,6,gun_shot
136399-6-7-0.wav,136399,26.194346,28.81124,1,9,6,gun_shot
74950-3-2-5.wav,74950,14.092781,18.092781,1,4,3,dog_bark
203128-3-1-0.wav,203128,3.414972,5.302693,1,2,3,dog_bark
52740-3-0-2.wav,52740,69.09769,73.09769,2,9,3,dog_bark
145612-6-3-0.wav,145612,7.127715,8.253866,2,8,6,gun_shot
34708-6-2-0.wav,34708,11.329099,12.871639,1,3,6,gun_shot
7389-1-0-5.wav,7389,2.5,6.5,2,4,1,car_horn
52740-3-0-1.wav,52740,68.59769,72.59769,2,9,3,dog_bark
9032-3-0-0.wav,9032,0,0.350864,1,6,3,dog_bark
203356-3-0-0.wav,203356,37.465647,41.465647,2,1,3,dog_bark
110688-3-0-17.wav,110688,8.5,12.5,2,8,3,dog_bark
135528-6-11-0.wav,135528,62.127782,63.968193,2,4,6,gun_shot
179386-3-0-2.wav,179386,1,5,1,3,3,dog_bark
110622-6-0-0.wav,110622,0,1.501211,1,3,6,gun_shot
199769-1-0-6.wav,199769,3.848273,7.848273,1,3,1,car_horn
14468-3-5-0.wav,14468,54.127148,58.127148,1,10,3,dog_bark
72259-1-10-12.wav,72259,274.249294,278.249294,2,5,1,car_horn
85661-3-0-0.wav,85661,0,1.149388,1,9,3,dog_bark
132073-1-4-0.wav,132073,8.310243,9.094228,2,2,1,car_horn
76091-6-5-0.wav,76091,4.485405,5.099377,1,2,6,gun_shot
77233-3-0-7.wav,77233,3.5,7.5,2,5,3,dog_bark
29936-3-0-0.wav,29936,2.321813,5.075963,2,8,3,dog_bark
72538-3-0-1.wav,72538,2.601978,6.601978,1,10,3,dog_bark
197074-3-0-4.wav,197074,2,6,1,3,3,dog_bark
159701-6-0-0.wav,159701,0.080091,1.978243,1,5,6,gun_shot
55013-3-0-1.wav,55013,0.5,4.5,2,8,3,dog_bark
199769-1-0-12.wav,199769,6.848273,10.848273,1,3,1,car_horn
155129-1-1-0.wav,155129,13.702351,13.86012,1,2,1,car_horn
128030-3-2-0.wav,128030,6.562935,7.08264,1,3,3,dog_bark
4911-3-0-0.wav,4911,0.008108,0.217438,1,2,3,dog_bark
72221-3-4-7.wav,72221,144.054455,148.054455,2,8,3,dog_bark
173994-3-0-44.wav,173994,22,26,1,4,3,dog_bark
62048-3-0-5.wav,62048,2.5,6.5,1,8,3,dog_bark
7063-6-0-0.wav,7063,0.971596,2.737551,1,9,6,gun_shot
112195-3-0-57.wav,112195,28.5,32.5,1,2,3,dog_bark
197318-6-3-0.wav,197318,6.801996,8.759765,1,1,6,gun_shot
175851-1-0-0.wav,175851,0.348692,1.791682,1,1,1,car_horn
7389-1-3-5.wav,7389,98.609623,102.609623,2,4,1,car_horn
49808-3-1-8.wav,49808,60.882376,64.882376,2,2,3,dog_bark
158607-3-0-0.wav,158607,0.115242,1.131463,2,2,3,dog_bark
174293-6-2-0.wav,174293,10.234894,12.606616,1,2,6,gun_shot
176258-3-1-12.wav,176258,75.897629,79.897629,1,1,3,dog_bark
102105-3-0-0.wav,102105,2.041889,6.041889,2,3,3,dog_bark
109711-3-2-4.wav,109711,14.001624,18.001624,1,4,3,dog_bark
128470-3-0-1.wav,128470,2.211988,6.211988,1,10,3,dog_bark
117072-3-0-14.wav,117072,8.328188,12.328188,1,3,3,dog_bark
54858-3-2-0.wav,54858,66.854743,67.739928,1,1,3,dog_bark
180256-3-0-0.wav,180256,0,4,1,1,3,dog_bark
183894-1-9-0.wav,183894,135.699834,137.373344,2,7,1,car_horn
72567-1-2-2.wav,72567,33.753993,37.753993,2,2,1,car_horn
145577-1-0-0.wav,145577,0,1.105569,1,2,1,car_horn
114280-3-0-1.wav,114280,0.5,4.5,1,8,3,dog_bark
76090-6-0-0.wav,76090,1.331177,1.809629,1,2,6,gun_shot
59513-3-0-4.wav,59513,2.156569,6.156569,1,10,3,dog_bark
157695-3-0-8.wav,157695,4,8,1,4,3,dog_bark
66587-3-2-0.wav,66587,4.533271,5.049719,1,5,3,dog_bark
173994-3-0-14.wav,173994,7,11,1,4,3,dog_bark
163459-3-0-0.wav,163459,0.294231,1.074248,1,10,3,dog_bark
151359-1-3-0.wav,151359,13.777179,13.886983,1,3,1,car_horn
148841-6-1-0.wav,148841,6.120392,7.450146,1,5,6,gun_shot
174873-3-5-10.wav,174873,246.301632,250.301632,1,8,3,dog_bark
162432-6-6-0.wav,162432,18.014988,19.219198,1,5,6,gun_shot
148837-6-2-0.wav,148837,2.959783,4.424286,1,4,6,gun_shot
72259-1-9-13.wav,72259,230.938833,234.938833,2,5,1,car_horn
178115-1-0-0.wav,178115,2.807855,3.269359,2,7,1,car_horn
180156-1-1-0.wav,180156,9.639612,11.064445,2,9,1,car_horn
110371-3-1-1.wav,110371,15.769745,19.769745,1,5,3,dog_bark
54545-3-0-0.wav,54545,0.826371,4.826371,1,2,3,dog_bark
30344-3-0-1.wav,30344,0.891161,4.891161,1,10,3,dog_bark
23131-3-5-0.wav,23131,46.993205,47.619781,2,2,3,dog_bark
179861-1-0-0.wav,179861,0.160016,0.691407,1,5,1,car_horn
144028-3-1-0.wav,144028,4.918658,8.918658,1,8,3,dog_bark
166421-3-0-31.wav,166421,15.5,19.5,1,2,3,dog_bark
7068-6-0-0.wav,7068,0.971344,3.160567,1,8,6,gun_shot
131571-6-0-0.wav,131571,0.128306,2.031517,1,8,6,gun_shot
200460-6-4-0.wav,200460,7.096097,7.952965,1,10,6,gun_shot
17810-3-0-0.wav,17810,0.308951,0.689991,1,8,3,dog_bark
159706-6-0-0.wav,159706,0.195647,1.825444,1,8,6,gun_shot
164646-6-0-0.wav,164646,0.02888,0.81557,1,10,6,gun_shot
102106-3-0-0.wav,102106,2.243852,3.884477,2,1,3,dog_bark
85574-3-0-2.wav,85574,1,5,2,10,3,dog_bark
162148-3-0-0.wav,162148,0,0.452781,1,10,3,dog_bark
32417-1-0-0.wav,32417,0.079235,0.424503,1,3,1,car_horn
29936-3-2-0.wav,29936,10.936539,13.11424,2,8,3,dog_bark
34931-3-0-0.wav,34931,0.233418,4.148033,1,4,3,dog_bark
194754-3-0-1.wav,194754,0.812357,4.812357,1,7,3,dog_bark
125523-3-0-11.wav,125523,5.5,9.5,1,3,3,dog_bark
27217-3-0-6.wav,27217,3,7,1,7,3,dog_bark
162433-6-1-0.wav,162433,0.753993,1.253039,1,8,6,gun_shot
173993-3-0-25.wav,173993,12.5,16.5,1,5,3,dog_bark
2937-1-0-0.wav,2937,0,0.474663,1,10,1,car_horn
6984-1-0-0.wav,6984,6.005781,6.444256,2,8,1,car_horn
83488-1-0-0.wav,83488,2.859771,3.44077,1,7,1,car_horn
179866-1-1-0.wav,179866,0.913249,1.628663,1,2,1,car_horn
184575-3-0-1.wav,184575,0.5,4.5,1,9,3,dog_bark
132073-1-3-0.wav,132073,5.80149,7.787586,2,2,1,car_horn
31325-3-3-6.wav,31325,33.179274,37.179274,1,8,3,dog_bark
173995-3-0-27.wav,173995,13.5,17.5,1,2,3,dog_bark
34872-3-0-1.wav,34872,0.5,4.5,1,5,3,dog_bark
24074-1-0-3.wav,24074,14.560993,18.560993,1,1,1,car_horn
180257-3-0-1.wav,180257,0.5,4.5,1,7,3,dog_bark
197080-3-0-6.wav,197080,3,7,1,7,3,dog_bark
69883-3-0-20.wav,69883,11.679208,15.679208,2,2,3,dog_bark
145611-6-0-0.wav,145611,5.074933,6.231719,2,5,6,gun_shot
197320-6-6-0.wav,197320,17.142553,19.841986,1,2,6,gun_shot
18594-1-2-0.wav,18594,43.782548,43.982489,2,3,1,car_horn
157207-6-7-0.wav,157207,14.686956,15.702292,1,10,6,gun_shot
174289-6-1-0.wav,174289,5.728394,8.07768,1,10,6,gun_shot
71312-3-0-5.wav,71312,136.87905,140.87905,2,10,3,dog_bark
43787-3-3-0.wav,43787,11.969077,12.388657,1,5,3,dog_bark
199769-1-0-4.wav,199769,2.848273,6.848273,1,3,1,car_horn
99812-1-0-2.wav,99812,39.176254,43.176254,2,7,1,car_horn
100648-1-1-0.wav,100648,8.998279,10.052132,2,10,1,car_horn
65745-3-0-21.wav,65745,10.5,14.5,2,7,3,dog_bark
31325-3-1-1.wav,31325,5.304858,9.304858,1,8,3,dog_bark
109233-3-0-4.wav,109233,17.452386,21.452386,1,6,3,dog_bark
52441-3-1-2.wav,52441,47.843242,51.843242,1,4,3,dog_bark
95536-3-0-5.wav,95536,2.5,6.5,2,6,3,dog_bark
82024-3-0-6.wav,82024,25.651009,29.651009,2,7,3,dog_bark
100652-3-0-1.wav,100652,0.5,4.5,1,2,3,dog_bark
137803-3-0-2.wav,137803,1,5,1,9,3,dog_bark
17810-3-1-0.wav,17810,2.152361,2.770263,1,8,3,dog_bark
50223-3-0-3.wav,50223,3.808086,7.808086,2,9,3,dog_bark
128465-1-0-6.wav,128465,10.177949,14.177949,2,6,1,car_horn
183989-3-1-25.wav,183989,83.676471,87.676471,2,4,3,dog_bark
125791-3-0-9.wav,125791,4.5,8.5,1,1,3,dog_bark
99812-1-6-0.wav,99812,332.289233,334.821332,2,7,1,car_horn
128465-1-0-2.wav,128465,8.177949,12.177949,2,6,1,car_horn
183894-1-6-0.wav,183894,102.156872,103.321053,2,7,1,car_horn
204765-1-0-0.wav,204765,24.327782,26.496128,2,4,1,car_horn
7389-1-0-6.wav,7389,3,7,2,4,1,car_horn
156418-3-1-0.wav,156418,8.43488,12.43488,1,3,3,dog_bark
26255-3-0-0.wav,26255,0.7081,0.957431,2,10,3,dog_bark
72259-1-10-0.wav,72259,268.249294,272.249294,2,5,1,car_horn
184725-3-0-1.wav,184725,0.5,4.5,1,3,3,dog_bark
7389-1-0-4.wav,7389,2,6,2,4,1,car_horn
72259-1-0-0.wav,72259,0,4,2,5,1,car_horn
155283-1-1-0.wav,155283,401.371559,402.010695,2,8,1,car_horn
25038-6-0-0.wav,25038,0.073727,1.754709,1,9,6,gun_shot
173993-3-0-51.wav,173993,25.5,29.5,1,5,3,dog_bark
69883-3-0-5.wav,69883,4.179208,8.179208,2,2,3,dog_bark
194753-3-3-0.wav,194753,13.105882,13.858824,2,6,3,dog_bark
54858-3-1-2.wav,54858,37.898228,41.898228,1,1,3,dog_bark
145611-6-3-0.wav,145611,17.855555,18.975026,2,5,6,gun_shot
76091-6-2-0.wav,76091,3.125287,3.321417,1,2,6,gun_shot
148841-6-0-0.wav,148841,0.722118,2.245611,1,5,6,gun_shot
117072-3-0-8.wav,117072,5.328188,9.328188,1,3,3,dog_bark
164311-3-1-0.wav,164311,7.174174,10.683181,1,6,3,dog_bark
100795-3-1-0.wav,100795,13.059155,17.059155,1,10,3,dog_bark
52077-3-0-17.wav,52077,9.10243,13.10243,1,3,3,dog_bark
34871-3-11-0.wav,34871,113.63217,115.3221,2,7,3,dog_bark
197074-3-0-5.wav,197074,2.5,6.5,1,3,3,dog_bark
49808-3-0-6.wav,49808,3,7,2,2,3,dog_bark
57596-3-1-0.wav,57596,5.921045,9.921045,2,7,3,dog_bark
159702-6-3-0.wav,159702,1.76899,2.405267,1,6,6,gun_shot
7389-1-4-13.wav,7389,167.261242,171.261242,2,4,1,car_horn
70098-3-3-0.wav,70098,13.373615,14.459593,1,9,3,dog_bark
159701-6-2-0.wav,159701,4.020558,5.582329,1,5,6,gun_shot
72259-1-0-4.wav,72259,2,6,2,5,1,car_horn
47926-3-2-0.wav,47926,4.90852,6.075657,1,4,3,dog_bark
7389-1-0-0.wav,7389,0,4,2,4,1,car_horn
81799-3-1-2.wav,81799,41.598534,45.598534,2,7,3,dog_bark
13577-3-5-0.wav,13577,54.781414,58.781414,2,5,3,dog_bark
57105-3-4-4.wav,57105,264.540334,268.540334,2,9,3,dog_bark
174994-3-0-0.wav,174994,27.743475,31.743475,1,2,3,dog_bark
187356-1-6-0.wav,187356,79.720127,81.419231,2,4,1,car_horn
59800-3-1-0.wav,59800,7.883065,11.883065,1,9,3,dog_bark
19496-3-0-0.wav,19496,32.082004,36.082004,2,3,3,dog_bark
72567-1-1-0.wav,72567,12.731619,15.941728,2,2,1,car_horn
122199-3-1-2.wav,122199,15.647059,19.647059,2,8,3,dog_bark
171464-3-0-0.wav,171464,0.719177,2.434138,1,8,3,dog_bark
7389-1-4-14.wav,7389,167.761242,171.761242,2,4,1,car_horn
74513-3-0-6.wav,74513,3.433328,7.433328,1,7,3,dog_bark
85544-3-5-0.wav,85544,16.502772,17.868519,1,4,3,dog_bark
54086-1-2-0.wav,54086,3.066229,4.353687,1,10,1,car_horn
70098-3-2-0.wav,70098,8.225276,10.467619,1,9,3,dog_bark
72539-3-0-8.wav,72539,10.80482,14.80482,1,2,3,dog_bark
71309-1-0-5.wav,71309,2.906025,6.906025,2,8,1,car_horn
344-3-4-0.wav,344,6.483953,7.428735,1,4,3,dog_bark
175915-3-0-0.wav,175915,3.259606,7.259606,2,9,3,dog_bark
51027-3-1-1.wav,51027,38.559406,42.559406,2,6,3,dog_bark
9031-3-4-0.wav,9031,12.423771,13.317866,1,1,3,dog_bark
72567-1-4-0.wav,72567,54.68067,58.68067,2,2,1,car_horn
203440-3-0-5.wav,203440,26.009202,30.009202,2,1,3,dog_bark
4912-3-1-0.wav,4912,0.516166,0.859574,1,6,3,dog_bark
109233-3-0-3.wav,109233,16.952386,20.952386,1,6,3,dog_bark
156418-3-0-1.wav,156418,0.5,4.5,1,3,3,dog_bark
107090-1-0-0.wav,107090,25.500254,26.099176,2,8,1,car_horn
102305-6-0-0.wav,102305,0,2.61161,1,1,6,gun_shot
65381-3-0-6.wav,65381,3.856686,7.856686,1,5,3,dog_bark
135528-6-6-0.wav,135528,34.633171,36.640891,2,4,6,gun_shot
100032-3-0-0.wav,100032,0,0.317551,1,5,3,dog_bark
41372-3-0-51.wav,41372,42.892794,46.892794,2,3,3,dog_bark
59513-3-0-0.wav,59513,0.156569,4.156569,1,10,3,dog_bark
72567-1-0-1.wav,72567,0.5,4.5,2,2,1,car_horn
116163-3-0-0.wav,116163,0.764195,1.036249,2,5,3,dog_bark
135528-6-4-2.wav,135528,22.359911,26.359911,2,4,6,gun_shot
18581-3-0-0.wav,18581,40.693758,44.693758,2,2,3,dog_bark
117271-3-0-1.wav,117271,0.5,4.5,1,6,3,dog_bark
179860-1-0-0.wav,179860,0.257272,1.348884,1,6,1,car_horn
197074-3-0-6.wav,197074,3,7,1,3,3,dog_bark
159176-3-0-0.wav,159176,0,1.184218,1,4,3,dog_bark
180256-3-0-1.wav,180256,0.5,4.5,1,1,3,dog_bark
72221-3-4-1.wav,72221,141.054455,145.054455,2,8,3,dog_bark
35629-3-0-0.wav,35629,2.06663,4.87455,1,4,3,dog_bark
191687-3-0-0.wav,191687,0,4,1,7,3,dog_bark
135527-6-4-0.wav,135527,10.486146,12.680921,2,7,6,gun_shot
199261-3-0-2.wav,199261,1.211116,5.211116,1,10,3,dog_bark
207962-3-0-0.wav,207962,0.469835,1.066165,1,7,3,dog_bark
72538-3-0-0.wav,72538,2.101978,6.101978,1,10,3,dog_bark
157207-6-0-0.wav,157207,0.165287,3.093233,1,10,6,gun_shot
174026-3-1-0.wav,174026,9.219766,13.219766,2,4,3,dog_bark
30344-3-0-0.wav,30344,0.391161,4.391161,1,10,3,dog_bark
196561-3-0-16.wav,196561,8,12,1,8,3,dog_bark
190996-3-0-1.wav,190996,13.010494,17.010494,2,8,3,dog_bark
79584-3-0-4.wav,79584,2.380235,6.380235,1,9,3,dog_bark
72259-1-9-1.wav,72259,224.938833,228.938833,2,5,1,car_horn
197073-3-4-3.wav,197073,11.209271,15.209271,1,1,3,dog_bark
135526-6-2-0.wav,135526,6.457848,9.045825,1,3,6,gun_shot
162702-1-1-0.wav,162702,0.452485,1.298459,2,6,1,car_horn
170243-1-0-0.wav,170243,0.082809,0.186917,1,7,1,car_horn
174294-6-2-0.wav,174294,10.046368,13.126084,1,1,6,gun_shot
166268-3-1-0.wav,166268,0.940874,2.382484,1,1,3,dog_bark
148827-6-3-0.wav,148827,3.884565,4.902184,1,7,6,gun_shot
27349-3-0-2.wav,27349,1,5,2,2,3,dog_bark
194753-3-1-0.wav,194753,2.917647,4.729412,2,6,3,dog_bark
7389-1-3-2.wav,7389,97.109623,101.109623,2,4,1,car_horn
157649-3-1-1.wav,157649,14.71108,18.71108,2,8,3,dog_bark
24074-1-0-1.wav,24074,13.560993,17.560993,1,1,1,car_horn
203440-3-0-6.wav,203440,26.509202,30.509202,2,1,3,dog_bark
191382-3-1-1.wav,191382,29.136596,33.136596,1,5,3,dog_bark
155234-1-0-0.wav,155234,101.719854,103.833373,2,2,1,car_horn
174994-3-0-1.wav,174994,28.243475,32.243475,1,2,3,dog_bark
178118-3-2-0.wav,178118,7.420988,8.523199,2,9,3,dog_bark
24631-6-0-0.wav,24631,9.230523,9.486839,2,7,6,gun_shot
155320-3-0-0.wav,155320,0.084222,1.224028,1,4,3,dog_bark
72259-1-7-14.wav,72259,150.281751,154.281751,2,5,1,car_horn
85574-3-0-8.wav,85574,4,8,2,10,3,dog_bark
197318-6-6-0.wav,197318,16.641044,18.724312,1,1,6,gun_shot
125523-3-0-3.wav,125523,1.5,5.5,1,3,3,dog_bark
118101-3-0-6.wav,118101,4.042871,8.042871,1,1,3,dog_bark
159701-6-6-0.wav,159701,12.093712,14.112,1,5,6,gun_shot
72261-3-0-23.wav,72261,12.973879,16.973879,1,1,3,dog_bark
148835-6-1-0.wav,148835,2.259399,3.202698,1,6,6,gun_shot
125520-1-1-0.wav,125520,1.87341,4.051365,1,8,1,car_horn
135526-6-5-0.wav,135526,12.359403,14.657139,1,3,6,gun_shot
175842-1-0-0.wav,175842,0.206442,0.688665,1,10,1,car_horn
158977-6-0-0.wav,158977,0,1.886562,1,4,6,gun_shot
13577-3-0-0.wav,13577,2.313777,6.313777,2,5,3,dog_bark
158607-3-1-0.wav,158607,5.835416,8.213584,1,2,3,dog_bark
86279-3-0-0.wav,86279,0.601813,4.083229,1,1,3,dog_bark
50885-3-0-4.wav,50885,2,6,1,5,3,dog_bark
148833-6-1-0.wav,148833,3.993859,5.903673,1,6,6,gun_shot
34872-3-0-2.wav,34872,1,5,1,5,3,dog_bark
72567-1-2-4.wav,72567,34.753993,38.753993,2,2,1,car_horn
207962-3-1-0.wav,207962,1.608282,2.300988,1,7,3,dog_bark
132073-1-2-0.wav,132073,4.41645,4.78231,2,2,1,car_horn
135526-6-0-0.wav,135526,3.531258,5.006647,1,3,6,gun_shot
197073-3-7-0.wav,197073,29.031106,33.031106,1,1,3,dog_bark
24076-1-0-0.wav,24076,37.46937,38.460065,1,10,1,car_horn
174289-6-3-0.wav,174289,15.3669,17.603549,1,10,6,gun_shot
116483-3-0-1.wav,116483,0.5,4.5,1,9,3,dog_bark
126521-3-0-18.wav,126521,11.321995,15.321995,2,5,3,dog_bark
135526-6-4-0.wav,135526,10.569587,12.359403,1,3,6,gun_shot
72259-1-5-1.wav,72259,117.028642,121.028642,2,5,1,car_horn
43802-1-2-0.wav,43802,8.044598,8.287148,2,6,1,car_horn
73373-3-0-0.wav,73373,0,2.927007,1,3,3,dog_bark
94868-1-1-0.wav,94868,1.076489,1.468143,1,1,1,car_horn
128030-3-0-0.wav,128030,0.672951,1.359227,1,3,3,dog_bark
24965-3-1-0.wav,24965,1.304201,1.857676,1,7,3,dog_bark
36902-3-0-0.wav,36902,0.08998,0.877307,1,6,3,dog_bark
180156-1-6-0.wav,180156,17.977524,21.882622,2,9,1,car_horn
118070-1-0-0.wav,118070,0.392887,0.617964,1,3,1,car_horn
204773-3-7-1.wav,204773,22.362283,26.362283,1,2,3,dog_bark
116483-3-1-2.wav,116483,18.555333,22.555333,1,9,3,dog_bark
344-3-5-0.wav,344,7.939223,9.623069,1,4,3,dog_bark
54823-3-1-0.wav,54823,9.084564,13.084564,1,9,3,dog_bark
148166-6-0-0.wav,148166,0.075742,1.102948,1,9,6,gun_shot
59800-3-2-0.wav,59800,22.51268,24.374631,1,9,3,dog_bark
63261-3-0-1.wav,63261,0.5,4.5,1,2,3,dog_bark
87275-1-5-0.wav,87275,2.645917,2.754952,2,1,1,car_horn
20841-3-3-0.wav,20841,10.831172,11.989966,2,3,3,dog_bark
204919-3-4-0.wav,204919,33.062846,34.093299,2,6,3,dog_bark
209672-3-0-0.wav,209672,0.735508,2.25906,1,10,3,dog_bark
138015-3-0-5.wav,138015,2.5,6.5,1,1,3,dog_bark
117271-3-0-2.wav,117271,1,5,1,6,3,dog_bark
25038-6-1-0.wav,25038,1.754709,3.150612,1,9,6,gun_shot
46656-6-3-0.wav,46656,7.519664,8.938044,1,1,6,gun_shot
72259-1-9-9.wav,72259,228.938833,232.938833,2,5,1,car_horn
155315-3-0-0.wav,155315,0,4,1,7,3,dog_bark
157207-6-6-0.wav,157207,13.423689,14.686956,1,10,6,gun_shot
28808-1-0-3.wav,28808,1.5,5.5,1,10,1,car_horn
7383-3-0-1.wav,7383,4.4021,8.4021,1,1,3,dog_bark
135527-6-7-0.wav,135527,18.777517,21.15519,2,7,6,gun_shot
139948-3-4-0.wav,139948,28.131374,29.361609,2,5,3,dog_bark
34708-6-0-0.wav,34708,4.044883,5.450308,1,3,6,gun_shot
174026-3-1-1.wav,174026,9.719766,13.719766,2,4,3,dog_bark
178497-3-0-3.wav,178497,1.5,5.5,1,5,3,dog_bark
33641-3-9-0.wav,33641,24.765832,25.470378,1,9,3,dog_bark
135527-6-14-1.wav,135527,48.906976,52.906976,2,7,6,gun_shot
20015-3-0-12.wav,20015,29.26305,33.26305,2,5,3,dog_bark
71309-1-0-3.wav,71309,1.906025,5.906025,2,8,1,car_horn
160366-3-0-13.wav,160366,6.5,10.5,1,2,3,dog_bark
176003-1-0-0.wav,176003,0.031344,1.1523,1,4,1,car_horn
155488-3-0-6.wav,155488,34.470139,38.470139,2,6,3,dog_bark
197318-6-5-0.wav,197318,13.70439,15.411163,1,1,6,gun_shot
30226-3-1-5.wav,30226,7.695936,11.695936,1,8,3,dog_bark
160092-3-0-0.wav,160092,0.013784,0.142207,1,2,3,dog_bark
118587-3-0-2.wav,118587,1,5,1,7,3,dog_bark
102547-3-0-2.wav,102547,1,5,1,5,3,dog_bark
82811-3-4-0.wav,82811,44.333896,48.333896,1,3,3,dog_bark
133797-6-0-0.wav,133797,3.254115,4.66165,1,6,6,gun_shot
72579-3-0-3.wav,72579,4.986718,8.986718,1,1,3,dog_bark
72259-1-6-0.wav,72259,132.867789,136.867789,2,5,1,car_horn
34241-1-2-0.wav,34241,6.335714,10.081647,1,7,1,car_horn
7065-6-0-0.wav,7065,0.976582,3.999932,1,8,6,gun_shot
71439-1-3-0.wav,71439,58.255433,58.808601,2,5,1,car_horn
135544-6-1-0.wav,135544,3.879652,6.262867,1,6,6,gun_shot
160093-3-0-0.wav,160093,0.015691,0.135517,1,3,3,dog_bark
187356-1-3-0.wav,187356,37.058838,40.548889,2,4,1,car_horn
51027-3-1-4.wav,51027,40.059406,44.059406,2,6,3,dog_bark
174994-3-0-2.wav,174994,28.743475,32.743475,1,2,3,dog_bark
344-3-0-0.wav,344,0.213338,0.860971,1,4,3,dog_bark
128465-1-0-1.wav,128465,7.677949,11.677949,2,6,1,car_horn
50223-3-0-6.wav,50223,5.308086,9.308086,2,9,3,dog_bark
73168-1-0-0.wav,73168,0.067329,0.724461,1,9,1,car_horn
38231-3-4-0.wav,38231,26.338291,28.982059,1,4,3,dog_bark
145683-6-5-0.wav,145683,26.109938,26.612052,2,9,6,gun_shot
135544-6-8-0.wav,135544,32.478232,33.143316,1,6,6,gun_shot
135527-6-14-0.wav,135527,48.406976,52.406976,2,7,6,gun_shot
33696-3-0-0.wav,33696,5.538044,8.307066,2,3,3,dog_bark
72259-1-10-5.wav,72259,270.749294,274.749294,2,5,1,car_horn
148835-6-2-0.wav,148835,4.275913,5.546825,1,6,6,gun_shot
38231-3-3-0.wav,38231,21.587459,23.058428,1,4,3,dog_bark
81799-3-1-0.wav,81799,40.598534,44.598534,2,7,3,dog_bark
207124-3-0-0.wav,207124,0,1.04291,1,3,3,dog_bark
193394-3-0-4.wav,193394,2,6,1,1,3,dog_bark
20841-3-4-0.wav,20841,15.560942,16.719735,2,3,3,dog_bark
34871-3-6-0.wav,34871,46.3792,50.3792,1,7,3,dog_bark
192236-3-0-4.wav,192236,5.506272,9.506272,1,7,3,dog_bark
148833-6-0-0.wav,148833,1.145889,2.623483,1,6,6,gun_shot
52171-3-6-1.wav,52171,13.541932,17.541932,2,9,3,dog_bark
201207-3-13-0.wav,201207,62.777647,65.072549,1,4,3,dog_bark
155294-3-0-0.wav,155294,0,2.680454,2,8,3,dog_bark
7383-3-1-0.wav,7383,11.060839,15.060839,1,1,3,dog_bark
49809-3-0-0.wav,49809,0,0.718468,2,3,3,dog_bark
208030-3-2-0.wav,208030,4.223703,5.471274,1,6,3,dog_bark
191449-6-0-0.wav,191449,3.094025,4.7257,1,5,6,gun_shot
189846-3-3-0.wav,189846,26.404213,27.32158,2,8,3,dog_bark
30344-3-0-4.wav,30344,2.391161,6.391161,1,10,3,dog_bark
52633-3-0-1.wav,52633,0.5,4.5,1,8,3,dog_bark
136399-6-3-0.wav,136399,14.608874,17.556056,1,9,6,gun_shot
72567-1-5-0.wav,72567,77.64111,81.61294,2,2,1,car_horn
72259-1-7-15.wav,72259,150.781751,154.781751,2,5,1,car_horn
109233-3-0-5.wav,109233,17.952386,21.952386,1,6,3,dog_bark
97193-3-0-1.wav,97193,0.5,4.5,1,2,3,dog_bark
110688-3-0-2.wav,110688,1,5,2,8,3,dog_bark
148835-6-3-0.wav,148835,5.546825,7.038028,1,6,6,gun_shot
89209-3-0-0.wav,89209,0,2.063492,1,7,3,dog_bark
72537-3-0-2.wav,72537,2.31661,6.31661,1,3,3,dog_bark
191382-3-0-0.wav,191382,0.61858,4.61858,1,5,3,dog_bark
105319-3-0-29.wav,105319,14.5,18.5,2,6,3,dog_bark
19503-3-1-0.wav,19503,19.152475,21.544554,2,5,3,dog_bark
72259-1-7-19.wav,72259,152.781751,156.781751,2,5,1,car_horn
203355-3-1-0.wav,203355,47.291863,48.250863,2,6,3,dog_bark
100795-3-0-0.wav,100795,0.19179,4.19179,1,10,3,dog_bark
176634-1-0-0.wav,176634,2.441912,2.70793,1,2,1,car_horn
89679-1-1-0.wav,89679,22.362975,23.114454,2,7,1,car_horn
197318-6-12-0.wav,197318,37.549023,38.879303,1,1,6,gun_shot
128465-1-0-8.wav,128465,11.177949,15.177949,2,6,1,car_horn
174292-6-1-0.wav,174292,4.249521,7.140352,1,10,6,gun_shot
11722-3-0-0.wav,11722,0.087343,1.345883,1,10,3,dog_bark
208030-3-1-0.wav,208030,2.48011,3.847929,1,6,3,dog_bark
135544-6-12-0.wav,135544,36.025343,37.078392,1,6,6,gun_shot
128465-1-0-3.wav,128465,8.677949,12.677949,2,6,1,car_horn
7389-1-2-2.wav,7389,79.753483,83.753483,2,4,1,car_horn
135527-6-14-7.wav,135527,51.906976,55.906976,2,7,6,gun_shot
162435-6-0-0.wav,162435,0,0.716105,1,4,6,gun_shot
72567-1-2-5.wav,72567,35.253993,39.253993,2,2,1,car_horn
72259-1-7-4.wav,72259,145.281751,149.281751,2,5,1,car_horn
157207-6-2-0.wav,157207,8.335201,9.504019,1,10,6,gun_shot
135528-6-4-1.wav,135528,21.859911,25.859911,2,4,6,gun_shot
204919-3-3-0.wav,204919,25.525812,26.497383,2,6,3,dog_bark
85664-3-0-0.wav,85664,0,0.653061,1,9,3,dog_bark
100795-3-1-2.wav,100795,14.059155,18.059155,1,10,3,dog_bark
135544-6-7-0.wav,135544,31.148066,32.478232,1,6,6,gun_shot
157207-6-9-0.wav,157207,16.74124,18.830944,1,10,6,gun_shot
148827-6-2-0.wav,148827,2.899562,3.6693,1,7,6,gun_shot
31323-3-0-2.wav,31323,1.492016,5.492016,2,1,3,dog_bark
110688-3-0-11.wav,110688,5.5,9.5,2,8,3,dog_bark
159702-6-1-0.wav,159702,0.597821,1.174665,1,6,6,gun_shot
51024-3-0-16.wav,51024,8.399669,12.399669,2,10,3,dog_bark
33849-3-4-0.wav,33849,8.270967,10.162314,1,2,3,dog_bark
30344-3-0-3.wav,30344,1.891161,5.891161,1,10,3,dog_bark
7913-3-1-0.wav,7913,2.359684,3.115826,1,10,3,dog_bark
28808-1-0-1.wav,28808,0.5,4.5,1,10,1,car_horn
159702-6-6-0.wav,159702,3.621884,5.705516,1,6,6,gun_shot
72259-1-10-2.wav,72259,269.249294,273.249294,2,5,1,car_horn
72265-3-7-0.wav,72265,72.974715,76.974715,2,9,3,dog_bark
72567-1-2-3.wav,72567,34.253993,38.253993,2,2,1,car_horn
180156-1-10-0.wav,180156,28.654977,30.114991,2,9,1,car_horn
70168-3-1-11.wav,70168,23.130393,27.130393,2,8,3,dog_bark
135528-6-8-0.wav,135528,45.173702,46.456412,2,4,6,gun_shot
152588-3-2-0.wav,152588,15.645137,17.893974,1,9,3,dog_bark
181725-3-0-22.wav,181725,11,15,1,5,3,dog_bark
175847-1-0-0.wav,175847,0.065415,0.881925,1,3,1,car_horn
74513-3-0-0.wav,74513,0.433328,4.433328,1,7,3,dog_bark
148841-6-2-0.wav,148841,9.132153,10.787741,1,5,6,gun_shot
72220-3-2-2.wav,72220,29.733661,33.733661,2,10,3,dog_bark
7389-1-4-2.wav,7389,161.761242,165.761242,2,4,1,car_horn
201207-3-29-0.wav,201207,140.774118,144.774118,1,4,3,dog_bark
155130-1-0-0.wav,155130,38.257548,38.430375,1,9,1,car_horn
72265-3-5-0.wav,72265,37.130049,40.226654,2,9,3,dog_bark
50885-3-0-5.wav,50885,2.5,6.5,1,5,3,dog_bark
52077-3-0-13.wav,52077,7.10243,11.10243,1,3,3,dog_bark
162433-6-0-0.wav,162433,0.027122,0.672627,1,8,6,gun_shot
180156-1-2-0.wav,180156,11.345893,11.627342,2,9,1,car_horn
180257-3-0-3.wav,180257,1.5,5.5,1,7,3,dog_bark
180156-1-5-0.wav,180156,15.796298,17.414627,2,9,1,car_horn
135528-6-5-0.wav,135528,30.338881,32.569681,2,4,6,gun_shot
17486-3-2-0.wav,17486,4.757279,5.700076,1,10,3,dog_bark
52284-6-0-0.wav,52284,0.035404,0.803219,1,8,6,gun_shot
76093-6-0-0.wav,76093,3.2671,4.13887,1,1,6,gun_shot
162432-6-10-0.wav,162432,23.907591,24.903071,1,5,6,gun_shot
72567-1-3-0.wav,72567,49.13099,50.273571,2,2,1,car_horn
7064-6-3-0.wav,7064,4.760023,5.952204,1,4,6,gun_shot
95549-3-0-7.wav,95549,14.681689,18.681689,2,8,3,dog_bark
128240-3-0-20.wav,128240,10,14,1,10,3,dog_bark
76094-6-1-0.wav,76094,2.763515,3.801315,1,3,6,gun_shot
77247-6-0-0.wav,77247,2.802008,3.454014,1,5,6,gun_shot
30832-3-12-0.wav,30832,294.716176,296.038903,2,4,3,dog_bark
159709-6-0-0.wav,159709,0,1.92,1,10,6,gun_shot
24074-1-0-12.wav,24074,19.060993,23.060993,1,1,1,car_horn
203356-3-0-2.wav,203356,38.465647,42.465647,2,1,3,dog_bark
32318-3-0-1.wav,32318,0.885559,4.885559,1,3,3,dog_bark
102103-3-0-0.wav,102103,1.97603,2.508892,2,10,3,dog_bark
114587-3-0-5.wav,114587,3.967612,7.967612,1,1,3,dog_bark
24632-6-0-0.wav,24632,26.769969,27.264824,2,4,6,gun_shot
175845-1-0-0.wav,175845,1.667248,2.405537,1,1,1,car_horn
24632-6-1-0.wav,24632,29.012176,29.292025,2,4,6,gun_shot
27349-3-1-2.wav,27349,27.345256,31.345256,2,2,3,dog_bark
25039-6-0-0.wav,25039,0.265152,1.970138,1,8,6,gun_shot
102547-3-0-8.wav,102547,4,8,1,5,3,dog_bark
7064-6-1-0.wav,7064,2.358256,3.585246,1,4,6,gun_shot
14358-3-0-26.wav,14358,13,17,2,6,3,dog_bark
135526-6-1-0.wav,135526,5.006647,6.457848,1,3,6,gun_shot
190996-3-0-8.wav,190996,16.510494,20.510494,2,8,3,dog_bark
72259-1-7-18.wav,72259,152.281751,156.281751,2,5,1,car_horn
54545-3-0-2.wav,54545,1.826371,5.826371,1,2,3,dog_bark
180977-3-1-1.wav,180977,11.226049,15.226049,1,4,3,dog_bark
34708-6-4-0.wav,34708,17.516398,18.938963,1,3,6,gun_shot
162431-6-1-0.wav,162431,1.787897,2.884424,1,3,6,gun_shot
197075-3-7-5.wav,197075,77.031576,81.031576,2,6,3,dog_bark
72259-1-5-2.wav,72259,117.528642,121.528642,2,5,1,car_horn
180156-1-0-0.wav,180156,4.837396,7.194528,2,9,1,car_horn
159702-6-0-0.wav,159702,0,0.597821,1,6,6,gun_shot
7389-1-3-0.wav,7389,96.109623,100.109623,2,4,1,car_horn
24074-1-0-2.wav,24074,14.060993,18.060993,1,1,1,car_horn
71309-1-0-6.wav,71309,3.406025,7.406025,2,8,1,car_horn
54086-1-1-0.wav,54086,1.524149,2.725537,1,10,1,car_horn
82024-3-0-8.wav,82024,26.651009,30.651009,2,7,3,dog_bark
199769-1-0-16.wav,199769,8.848273,12.848273,1,3,1,car_horn
82811-3-3-0.wav,82811,39.617524,42.093619,1,3,3,dog_bark
7062-6-0-0.wav,7062,0.978754,2.345351,1,10,6,gun_shot
72259-1-2-0.wav,72259,44.887767,48.119686,2,5,1,car_horn
72567-1-4-2.wav,72567,55.68067,59.68067,2,2,1,car_horn
135544-6-17-0.wav,135544,42.731599,44.338884,1,6,6,gun_shot
72259-1-9-10.wav,72259,229.438833,233.438833,2,5,1,car_horn
9031-3-3-0.wav,9031,9.855845,11.581657,1,1,3,dog_bark
17124-1-0-0.wav,17124,0.072751,0.311441,2,10,1,car_horn
102842-3-1-6.wav,102842,116.061785,120.061785,2,1,3,dog_bark
128470-3-0-0.wav,128470,1.711988,5.711988,1,10,3,dog_bark
148835-6-0-0.wav,148835,1.440367,2.259399,1,6,6,gun_shot
27216-3-0-18.wav,27216,9.81491,13.81491,1,7,3,dog_bark
187356-1-4-0.wav,187356,48.998488,52.998488,2,4,1,car_horn
12647-3-2-0.wav,12647,5.238432,6.438297,1,3,3,dog_bark
151359-1-1-0.wav,151359,9.100818,9.255836,1,3,1,car_horn
4912-3-3-0.wav,4912,2.370148,2.646139,1,6,3,dog_bark
4912-3-2-0.wav,4912,1.666477,1.990924,1,6,3,dog_bark
65749-3-1-14.wav,65749,82.445545,86.445545,2,1,3,dog_bark
177620-3-0-8.wav,177620,5.664997,9.664997,2,9,3,dog_bark
23131-3-0-0.wav,23131,23.681362,24.78992,2,2,3,dog_bark
159710-6-0-0.wav,159710,0.031546,1.204005,1,2,6,gun_shot
72265-3-15-0.wav,72265,171.627883,174.899768,2,9,3,dog_bark
201207-3-21-0.wav,201207,102.48549,105.41451,1,4,3,dog_bark
117048-3-0-35.wav,117048,17.5,21.5,1,3,3,dog_bark
135544-6-5-0.wav,135544,27.379261,29.041969,1,6,6,gun_shot
81722-3-0-26.wav,81722,13,17,2,9,3,dog_bark
108187-3-4-0.wav,108187,24.911435,26.304,2,2,3,dog_bark
45256-1-0-0.wav,45256,0,0.275708,2,5,1,car_horn
29932-1-1-0.wav,29932,280.466103,281.910451,2,6,1,car_horn
35629-3-1-0.wav,35629,7.300594,11.300594,1,4,3,dog_bark
128891-3-0-5.wav,128891,2.5,6.5,1,6,3,dog_bark
135527-6-14-2.wav,135527,49.406976,53.406976,2,7,6,gun_shot
116484-3-0-8.wav,116484,4,8,1,4,3,dog_bark
65745-3-0-61.wav,65745,30.5,34.5,2,7,3,dog_bark
197318-6-1-0.wav,197318,2.409563,4.216735,1,1,6,gun_shot
203356-3-0-3.wav,203356,38.965647,42.965647,2,1,3,dog_bark
71312-3-0-4.wav,71312,136.37905,140.37905,2,10,3,dog_bark
157950-3-0-0.wav,157950,0,1.410045,1,7,3,dog_bark
128240-3-0-39.wav,128240,19.5,23.5,1,10,3,dog_bark
115536-3-0-0.wav,115536,0,2.964396,1,3,3,dog_bark
157695-3-0-19.wav,157695,9.5,13.5,1,4,3,dog_bark
174026-3-2-2.wav,174026,34.71608,38.71608,2,4,3,dog_bark
105088-3-0-11.wav,105088,5.5,9.5,1,9,3,dog_bark
162541-1-1-0.wav,162541,5.899251,6.34846,1,2,1,car_horn
54823-3-0-0.wav,54823,0.189657,4.096588,1,9,3,dog_bark
31323-3-0-20.wav,31323,10.492016,14.492016,2,1,3,dog_bark
72259-1-10-1.wav,72259,268.749294,272.749294,2,5,1,car_horn
72220-3-0-0.wav,72220,5.444078,8.489071,2,10,3,dog_bark
72579-3-0-2.wav,72579,4.486718,8.486718,1,1,3,dog_bark
197320-6-5-0.wav,197320,14.097039,16.934905,1,2,6,gun_shot
7389-1-0-7.wav,7389,3.5,7.5,2,4,1,car_horn
89679-1-0-0.wav,89679,20.28993,21.585583,2,7,1,car_horn
179864-1-0-0.wav,179864,0.362889,1.166566,1,2,1,car_horn
74495-3-0-0.wav,74495,0.335018,4.335018,1,2,3,dog_bark
17486-3-0-0.wav,17486,0.288611,0.942797,1,10,3,dog_bark
162433-6-2-0.wav,162433,1.309995,1.743948,1,8,6,gun_shot
185436-1-1-0.wav,185436,84.795657,85.786591,2,5,1,car_horn
135527-6-13-0.wav,135527,43.468733,45.17578,2,7,6,gun_shot
26176-1-0-0.wav,26176,0.320622,1.435087,1,8,1,car_horn
7913-3-0-0.wav,7913,0.273776,1.271101,1,10,3,dog_bark
178402-1-0-0.wav,178402,0.122098,2.167244,1,10,1,car_horn
19218-3-0-0.wav,19218,55.750425,59.750425,2,2,3,dog_bark
14358-3-0-7.wav,14358,3.5,7.5,2,6,3,dog_bark
43787-3-0-0.wav,43787,1.578947,2.870812,1,5,3,dog_bark
34241-1-1-0.wav,34241,3.653441,5.08707,2,7,1,car_horn
135528-6-3-0.wav,135528,18.515641,21.359911,2,4,6,gun_shot
46656-6-2-0.wav,46656,5.549692,7.046871,1,1,6,gun_shot
27349-3-0-6.wav,27349,3,7,2,2,3,dog_bark
54187-1-0-3.wav,54187,1.689361,5.689361,1,9,1,car_horn
105088-3-0-10.wav,105088,5,9,1,9,3,dog_bark
199769-1-0-17.wav,199769,9.348273,13.348273,1,3,1,car_horn
65749-3-1-24.wav,65749,87.445545,91.445545,2,1,3,dog_bark
4918-3-1-0.wav,4918,1.421333,2.343467,1,8,3,dog_bark
72220-3-2-4.wav,72220,30.733661,34.733661,2,10,3,dog_bark
76566-3-0-3.wav,76566,7.84312,11.84312,2,5,3,dog_bark
34708-6-5-0.wav,34708,20.070159,21.304191,1,3,6,gun_shot
23161-6-1-0.wav,23161,59.265667,59.581943,2,4,6,gun_shot
72829-3-0-1.wav,72829,0.5,4.5,1,4,3,dog_bark
76091-6-0-0.wav,76091,1.30469,1.714005,1,2,6,gun_shot
12647-3-0-0.wav,12647,0.712115,1.443739,1,3,3,dog_bark
115411-3-2-0.wav,115411,15.322853,18.9426,2,7,3,dog_bark
183894-1-7-0.wav,183894,124.494593,127.186761,2,7,1,car_horn
103076-3-0-0.wav,103076,0,2.527184,1,8,3,dog_bark
164627-1-0-0.wav,164627,0.306819,1.804998,1,7,1,car_horn
189895-3-0-0.wav,189895,0,4,1,5,3,dog_bark
72259-1-5-4.wav,72259,118.528642,122.528642,2,5,1,car_horn
50614-3-0-0.wav,50614,0,1,1,7,3,dog_bark
111048-6-0-0.wav,111048,0,1.314579,1,6,6,gun_shot
177620-3-0-25.wav,177620,14.164997,18.164997,2,9,3,dog_bark
50223-3-0-10.wav,50223,7.308086,11.308086,2,9,3,dog_bark
24074-1-0-13.wav,24074,19.560993,23.560993,1,1,1,car_horn
155312-3-0-0.wav,155312,0,4,1,9,3,dog_bark
135544-6-19-0.wav,135544,46.389557,48.107689,1,6,6,gun_shot
119420-3-0-0.wav,119420,0.182207,3.17482,1,9,3,dog_bark
81791-3-1-0.wav,81791,55.805323,57.137192,2,10,3,dog_bark
76091-6-3-0.wav,76091,3.67104,3.850115,1,2,6,gun_shot
115535-3-0-0.wav,115535,0,0.490667,1,4,3,dog_bark
100648-1-0-0.wav,100648,4.823402,5.471927,2,10,1,car_horn
20285-3-1-1.wav,20285,9.337448,13.337448,1,5,3,dog_bark
97193-3-0-6.wav,97193,3,7,1,2,3,dog_bark
67049-3-0-1.wav,67049,0.574989,4.574989,1,7,3,dog_bark
194754-3-0-2.wav,194754,1.312357,5.312357,1,7,3,dog_bark
121299-1-0-0.wav,121299,49.966977,50.59947,2,5,1,car_horn
148834-6-0-0.wav,148834,0.119197,0.781005,1,6,6,gun_shot
41372-3-0-36.wav,41372,35.392794,39.392794,2,3,3,dog_bark
24965-3-0-0.wav,24965,0,0.500483,1,7,3,dog_bark
72724-3-2-9.wav,72724,34.29511,38.29511,1,4,3,dog_bark
28808-1-0-5.wav,28808,2.5,6.5,1,10,1,car_horn
176638-1-1-0.wav,176638,6.724352,7.520133,1,1,1,car_horn
193394-3-0-7.wav,193394,3.5,7.5,1,1,3,dog_bark
71309-1-2-0.wav,71309,45.51988,45.835677,2,8,1,car_horn
159708-6-2-0.wav,159708,0.625168,0.914779,1,7,6,gun_shot
14468-3-1-0.wav,14468,24.027429,26.173669,1,10,3,dog_bark
52441-3-0-8.wav,52441,4,8,1,4,3,dog_bark
187356-1-0-0.wav,187356,20.664779,21.032153,2,4,1,car_horn
102103-3-1-0.wav,102103,4.179637,4.568182,2,10,3,dog_bark
174287-6-0-0.wav,174287,0.169635,1.958517,1,9,6,gun_shot
196127-3-0-1.wav,196127,0.5,4.5,1,10,3,dog_bark
157322-3-0-3.wav,157322,1.5,5.5,1,6,3,dog_bark
151069-6-0-0.wav,151069,0.018056,1.871429,1,8,6,gun_shot
174290-6-2-0.wav,174290,9.968221,12.289587,1,1,6,gun_shot
72579-3-0-0.wav,72579,3.486718,7.486718,1,1,3,dog_bark
24076-1-1-0.wav,24076,38.856344,42.009706,1,10,1,car_horn
99812-1-2-0.wav,99812,159.522205,163.522205,2,7,1,car_horn
55013-3-0-7.wav,55013,3.5,7.5,2,8,3,dog_bark
89212-3-0-0.wav,89212,0,1.324626,1,1,3,dog_bark
135527-6-14-5.wav,135527,50.906976,54.906976,2,7,6,gun_shot
99812-1-0-0.wav,99812,38.176254,42.176254,2,7,1,car_horn
72259-1-7-17.wav,72259,151.781751,155.781751,2,5,1,car_horn
165567-3-0-0.wav,165567,0.147106,4.147106,2,9,3,dog_bark
24074-1-0-0.wav,24074,13.060993,17.060993,1,1,1,car_horn
157322-3-0-5.wav,157322,2.5,6.5,1,6,3,dog_bark
28808-1-0-8.wav,28808,4,8,1,10,1,car_horn
128465-1-0-7.wav,128465,10.677949,14.677949,2,6,1,car_horn
72259-1-1-0.wav,72259,19.211964,22.982537,2,5,1,car_horn
97392-3-0-0.wav,97392,0,2.773946,1,6,3,dog_bark
179386-3-0-0.wav,179386,0,4,1,3,3,dog_bark
135544-6-3-0.wav,135544,23.776726,25.273164,1,6,6,gun_shot
85665-3-0-0.wav,85665,0,1.358367,1,10,3,dog_bark
135544-6-10-0.wav,135544,34.584329,35.526531,1,6,6,gun_shot
157649-3-0-0.wav,157649,0.312331,4.312331,2,8,3,dog_bark
200460-6-3-0.wav,200460,5.849278,7.096097,1,10,6,gun_shot
44831-3-0-0.wav,44831,1.951541,5.951541,2,3,3,dog_bark
162433-6-7-0.wav,162433,3.905576,4.347666,1,8,6,gun_shot
145206-6-3-0.wav,145206,3.800877,5.020523,1,8,6,gun_shot
27216-3-0-24.wav,27216,12.81491,16.81491,1,7,3,dog_bark
41306-3-0-13.wav,41306,6.5,10.5,2,10,3,dog_bark
26256-3-5-22.wav,26256,60.861421,64.861421,2,4,3,dog_bark
176783-3-0-3.wav,176783,1.5,5.5,1,3,3,dog_bark
144885-3-0-0.wav,144885,0,0.261224,1,3,3,dog_bark
115411-3-0-0.wav,115411,4.352579,5.374102,2,7,3,dog_bark
54823-3-2-1.wav,54823,20.319143,24.319143,1,9,3,dog_bark
148827-6-0-0.wav,148827,0.30659,1.258978,1,7,6,gun_shot
135527-6-14-8.wav,135527,52.406976,56.406976,2,7,6,gun_shot
183989-3-1-21.wav,183989,81.676471,85.676471,2,4,3,dog_bark
31840-3-1-0.wav,31840,4.95368,5.98048,1,1,3,dog_bark
166268-3-2-0.wav,166268,3.495586,3.706087,1,1,3,dog_bark
74723-3-0-2.wav,74723,1.398746,5.398746,1,4,3,dog_bark
179863-1-0-0.wav,179863,0.141445,0.897289,1,3,1,car_horn
185436-1-7-0.wav,185436,249.998548,251.272606,2,5,1,car_horn
164667-6-0-0.wav,164667,0.056354,0.80246,1,5,6,gun_shot
164311-3-0-0.wav,164311,1.001261,5.001261,1,6,3,dog_bark
114280-3-0-0.wav,114280,0,4,1,8,3,dog_bark
95404-3-0-1.wav,95404,35.901208,39.901208,2,4,3,dog_bark
63261-3-0-0.wav,63261,0,4,1,2,3,dog_bark
37869-3-0-0.wav,37869,0.477071,1.431213,1,5,3,dog_bark
157207-6-8-0.wav,157207,15.702292,16.74124,1,10,6,gun_shot
72259-1-7-2.wav,72259,144.281751,148.281751,2,5,1,car_horn
174292-6-2-0.wav,174292,10.079363,13.567632,1,10,6,gun_shot
122199-3-1-1.wav,122199,15.147059,19.147059,2,8,3,dog_bark
128465-1-0-4.wav,128465,9.177949,13.177949,2,6,1,car_horn
179858-1-0-0.wav,179858,0.627537,0.973626,1,1,1,car_horn
145683-6-0-0.wav,145683,2.970842,4.205206,2,9,6,gun_shot
14358-3-0-85.wav,14358,42.5,46.5,2,6,3,dog_bark
74723-3-0-0.wav,74723,0.398746,4.398746,1,4,3,dog_bark
116483-3-1-0.wav,116483,17.555333,21.555333,1,9,3,dog_bark
47926-3-1-0.wav,47926,3.315978,3.752291,1,4,3,dog_bark
166421-3-0-5.wav,166421,2.5,6.5,1,2,3,dog_bark
166489-3-0-4.wav,166489,2,6,1,6,3,dog_bark
160575-3-4-0.wav,160575,11.185766,12.537259,2,6,3,dog_bark
22347-3-0-0.wav,22347,1.187356,2.271463,1,2,3,dog_bark
27216-3-0-21.wav,27216,11.31491,15.31491,1,7,3,dog_bark
99812-1-3-0.wav,99812,181.142431,183.284976,2,7,1,car_horn
85362-3-1-0.wav,85362,4.27558,8.27558,1,7,3,dog_bark
61250-3-0-47.wav,61250,23.5,27.5,2,9,3,dog_bark
118961-3-0-0.wav,118961,0,0.770312,1,3,3,dog_bark
174289-6-2-0.wav,174289,10.378692,12.840614,1,10,6,gun_shot
162540-1-2-0.wav,162540,10.207327,10.672773,1,1,1,car_horn
83488-1-1-0.wav,83488,3.788674,4.073956,1,7,1,car_horn
18594-1-4-0.wav,18594,45.134957,45.350623,1,3,1,car_horn
72259-1-0-3.wav,72259,1.5,5.5,2,5,1,car_horn
44278-1-0-0.wav,44278,6.453018,7.489104,2,4,1,car_horn
34771-3-0-4.wav,34771,2,6,1,5,3,dog_bark
116484-3-0-12.wav,116484,6,10,1,4,3,dog_bark
34708-6-3-0.wav,34708,14.671269,16.488038,1,3,6,gun_shot
197073-3-3-0.wav,197073,6.653365,7.610753,1,1,3,dog_bark
38231-3-0-0.wav,38231,0.576461,1.152921,1,4,3,dog_bark
7389-1-4-7.wav,7389,164.261242,168.261242,2,4,1,car_horn
161010-1-3-0.wav,161010,274.678649,277.041262,2,4,1,car_horn
136399-6-2-0.wav,136399,10.010255,13.262317,1,9,6,gun_shot
199769-1-0-5.wav,199769,3.348273,7.348273,1,3,1,car_horn
62048-3-0-4.wav,62048,2,6,1,8,3,dog_bark
30832-3-7-0.wav,30832,129.564261,131.705819,2,4,3,dog_bark
203440-3-0-0.wav,203440,23.509202,27.509202,2,1,3,dog_bark
76640-3-0-0.wav,76640,0.095334,4.095334,1,9,3,dog_bark
177620-3-0-21.wav,177620,12.164997,16.164997,2,9,3,dog_bark
24652-6-0-0.wav,24652,43.452133,43.932788,2,4,6,gun_shot
65381-3-0-7.wav,65381,4.356686,8.356686,1,5,3,dog_bark
194753-3-2-0.wav,194753,8.235294,9.2,2,6,3,dog_bark
72259-1-9-7.wav,72259,227.938833,231.938833,2,5,1,car_horn
7064-6-5-0.wav,7064,8.17993,10.12919,1,4,6,gun_shot
95536-3-0-2.wav,95536,1,5,2,6,3,dog_bark
87275-1-0-0.wav,87275,1.337496,1.482876,2,1,1,car_horn
17615-3-0-4.wav,17615,37.115512,41.115512,2,3,3,dog_bark
121888-3-0-0.wav,121888,0,0.749977,1,4,3,dog_bark
37236-6-0-0.wav,37236,0,2.17,1,2,6,gun_shot
27068-1-0-0.wav,27068,26.451322,26.667696,2,9,1,car_horn
72829-3-0-0.wav,72829,0,4,1,4,3,dog_bark
130030-3-0-0.wav,130030,0,2.594667,1,1,3,dog_bark
78776-6-0-0.wav,78776,0.094899,2.613121,1,3,6,gun_shot
199769-1-0-2.wav,199769,1.848273,5.848273,1,3,1,car_horn
72259-1-10-10.wav,72259,273.249294,277.249294,2,5,1,car_horn
180052-3-0-1.wav,180052,0.5,4.5,1,5,3,dog_bark
28284-3-0-0.wav,28284,5.678508,9.678508,1,6,3,dog_bark
20571-3-1-0.wav,20571,73.985218,77.985218,2,10,3,dog_bark
87562-6-0-0.wav,87562,0,3.044845,1,9,6,gun_shot
174285-6-1-0.wav,174285,2.558383,5.192354,1,8,6,gun_shot
161923-3-0-12.wav,161923,6,10,1,6,3,dog_bark
26255-3-8-0.wav,26255,39.66359,40.252012,2,10,3,dog_bark
20285-3-0-0.wav,20285,1.940273,5.940273,1,5,3,dog_bark
29937-3-0-6.wav,29937,3,7,2,5,3,dog_bark
174873-3-5-1.wav,174873,241.801632,245.801632,1,8,3,dog_bark
148838-6-2-0.wav,148838,2.584432,3.813878,1,3,6,gun_shot
163460-6-0-0.wav,163460,0,0.672222,1,2,6,gun_shot
24965-3-3-0.wav,24965,3.111829,3.594648,1,7,3,dog_bark
68389-3-0-0.wav,68389,1.776939,3.366492,1,4,3,dog_bark
118101-3-0-4.wav,118101,3.042871,7.042871,1,1,3,dog_bark
26185-1-1-0.wav,26185,0.460526,0.817357,1,9,1,car_horn
125791-3-0-13.wav,125791,6.5,10.5,1,1,3,dog_bark
159726-3-0-0.wav,159726,1.237472,2.324186,2,9,3,dog_bark
31323-3-0-1.wav,31323,0.992016,4.992016,2,1,3,dog_bark
61250-3-0-31.wav,61250,15.5,19.5,2,9,3,dog_bark
52740-3-0-0.wav,52740,68.09769,72.09769,2,9,3,dog_bark
52633-3-0-8.wav,52633,4,8,1,8,3,dog_bark
179868-1-0-0.wav,179868,0.232419,2.385632,1,10,1,car_horn
162435-6-3-0.wav,162435,2.27278,3.004229,1,4,6,gun_shot
7913-3-2-0.wav,7913,5.540695,6.32943,1,10,3,dog_bark
112195-3-0-38.wav,112195,19,23,1,2,3,dog_bark
204773-3-8-0.wav,204773,32.595476,36.595476,1,2,3,dog_bark
69661-3-0-14.wav,69661,7,11,1,10,3,dog_bark
174282-6-1-0.wav,174282,2.588937,5.210563,1,9,6,gun_shot
148838-6-0-0.wav,148838,0.248919,1.270571,1,3,6,gun_shot
28808-1-0-6.wav,28808,3,7,1,10,1,car_horn
72259-1-9-16.wav,72259,232.438833,236.438833,2,5,1,car_horn
189846-3-4-0.wav,189846,28.159176,28.956887,2,8,3,dog_bark
63932-3-0-1.wav,63932,0.5,4.5,1,4,3,dog_bark
108187-3-2-0.wav,108187,15.751454,16.246588,2,2,3,dog_bark
157800-6-0-0.wav,157800,0,1.149388,1,10,6,gun_shot
